Iteration,Id,X,Y
50,30,,
0,0,264.72025726700895,359.96143142583264
0,1,435.6389066884213,556.9174425998367
0,2,417.5179124056613,50.01679424454812
0,3,264.63336224717284,359.9704291969906
0,4,264.6821192955681,359.93081553534074
0,5,0.0,229.5747025596907
0,6,492.4918432443497,488.8844354452634
0,7,248.73960575279062,80.50275978938188
0,8,600.0,0.0
0,9,264.7116901464276,359.8951778457283
0,10,264.7604997763766,359.8882304985153
0,11,336.79857106035865,475.49795260544715
0,12,540.4664994917473,319.4658202014397
0,13,600.0,600.0
0,14,0.0,315.29485676960206
0,15,191.31401572203896,478.0466789601159
0,16,119.61952719919319,181.92336356086733
0,17,600.0,0.0
0,18,211.4456054058308,147.67526320266344
0,19,264.691815975173,359.94894302123646
0,20,144.19263264623027,534.188696388633
0,21,264.70002021946453,359.9967981591889
0,22,264.73327705400675,359.79772223854724
0,23,303.9268522253998,480.5682323712733
0,24,264.66204309450933,359.661567378562
0,25,439.54063879636965,392.6351732060559
0,26,360.2202168070243,486.3067943527727
0,27,264.68228233541794,359.6989810234075
0,28,82.70500108483355,476.56799250439883
0,29,264.75898241405076,359.70198152859484
1,0,264.60878885234075,359.70042147591585
1,1,435.6389066884213,556.9174425998367
1,2,264.7286324267694,359.7114138448129
1,3,264.63336224717284,359.9704291969906
1,4,264.5252672733697,359.61849892602777
1,5,0.0,229.5747025596907
1,6,264.4897066846476,359.72482559548564
1,7,248.73960575279062,80.50275978938188
1,8,264.40983562256287,359.5702342827018
1,9,264.38795414563316,359.5854153903942
1,10,264.7604997763766,359.8882304985153
1,11,264.4222558206719,359.4919540882489
1,12,540.4664994917473,319.4658202014397
1,13,264.3947216749908,359.43562973887714
1,14,264.4242868132157,359.3544993895489
1,15,264.4382503704486,359.3896942300661
1,16,264.4459037317258,359.3591084887541
1,17,264.3856869363759,359.3741456395385
1,18,264.4439627771845,359.3395915452668
1,19,264.4091028322931,359.32075051481763
1,20,144.19263264623027,534.188696388633
1,21,264.5347459452531,359.35542257840325
1,22,264.73327705400675,359.79772223854724
1,23,303.9268522253998,480.5682323712733
1,24,264.5063741581454,359.3074406268617
1,25,264.51629854491523,359.35201753522233
1,26,360.2202168070243,486.3067943527727
1,27,264.68228233541794,359.6989810234075
1,28,82.70500108483355,476.56799250439883
1,29,264.75898241405076,359.70198152859484
2,0,264.60878885234075,359.70042147591585
2,1,264.43015602675786,359.353655753131
2,2,264.7286324267694,359.7114138448129
2,3,264.63336224717284,359.9704291969906
2,4,264.5252672733697,359.61849892602777
2,5,0.0,229.5747025596907
2,6,264.4897066846476,359.72482559548564
2,7,264.4300936655429,359.3133384314684
2,8,264.40983562256287,359.5702342827018
2,9,280.8190585033341,281.0231138674686
2,10,264.7604997763766,359.8882304985153
2,11,280.82315349306634,281.0095108170774
2,12,280.7918541200516,280.96055650370874
2,13,264.3947216749908,359.43562973887714
2,14,264.4242868132157,359.3544993895489
2,15,264.4382503704486,359.3896942300661
2,16,264.4459037317258,359.3591084887541
2,17,264.3856869363759,359.3741456395385
2,18,264.4439627771845,359.3395915452668
2,19,264.4091028322931,359.32075051481763
2,20,280.7969172502909,281.09113703816456
2,21,280.8655120645834,280.9892255819207
2,22,264.73327705400675,359.79772223854724
2,23,280.84026953123254,281.0744194915792
2,24,280.9161917975112,281.02205473699917
2,25,264.51629854491523,359.35201753522233
2,26,280.90785309493754,281.0579632314962
2,27,280.8745112115948,281.0049220253931
2,28,280.82808265978616,280.9808845930646
2,29,264.75898241405076,359.70198152859484
3,0,280.9473821711771,280.9936178355122
3,1,264.43015602675786,359.353655753131
3,2,264.7286324267694,359.7114138448129
3,3,280.8469668246819,281.00442901685363
3,4,264.5252672733697,359.61849892602777
3,5,280.9561570326878,281.0183955088617
3,6,264.4897066846476,359.72482559548564
3,7,264.4300936655429,359.3133384314684
3,8,281.03997078320634,281.1068256470232
3,9,280.8190585033341,281.0231138674686
3,10,264.7604997763766,359.8882304985153
3,11,280.82315349306634,281.0095108170774
3,12,280.96686420787313,281.1382337153501
3,13,264.3947216749908,359.43562973887714
3,14,281.07508385915935,281.1729630751658
3,15,281.05837828237105,281.17828536408524
3,16,264.4459037317258,359.3591084887541
3,17,264.3856869363759,359.3741456395385
3,18,264.4439627771845,359.3395915452668
3,19,264.4091028322931,359.32075051481763
3,20,280.7969172502909,281.09113703816456
3,21,280.8655120645834,280.9892255819207
3,22,264.73327705400675,359.79772223854724
3,23,280.84026953123254,281.0744194915792
3,24,280.9161917975112,281.02205473699917
3,25,280.99066083293263,281.1069110213425
3,26,280.90785309493754,281.0579632314962
3,27,280.8745112115948,281.0049220253931
3,28,281.0228475922182,281.18811915290746
3,29,281.11398988922946,281.16939643015246
4,0,281.132188573596,281.2497757532584
4,1,264.43015602675786,359.353655753131
4,2,281.06849816588624,281.24149816137464
4,3,281.1299531364904,281.2908839378476
4,4,264.5252672733697,359.61849892602777
4,5,280.9561570326878,281.0183955088617
4,6,264.4897066846476,359.72482559548564
4,7,264.4300936655429,359.3133384314684
4,8,281.1346638396175,281.2597024720133
4,9,280.8190585033341,281.0231138674686
4,10,264.7604997763766,359.8882304985153
4,11,281.04061144691536,281.4443597663742
4,12,280.96686420787313,281.1382337153501
4,13,281.053475903067,281.43763852250765
4,14,281.07508385915935,281.1729630751658
4,15,281.05837828237105,281.17828536408524
4,16,280.93654896652913,281.40407060279404
4,17,264.3856869363759,359.3741456395385
4,18,281.00632328143945,281.4436471389931
4,19,280.96319652018377,281.33125049239464
4,20,280.7969172502909,281.09113703816456
4,21,281.05679336149996,281.4045685089955
4,22,264.73327705400675,359.79772223854724
4,23,280.84026953123254,281.0744194915792
4,24,280.9161917975112,281.02205473699917
4,25,280.97593759937985,281.41396268208484
4,26,280.90785309493754,281.0579632314962
4,27,280.8745112115948,281.0049220253931
4,28,280.96346830126345,281.4220474426492
4,29,281.11398988922946,281.16939643015246
5,0,281.132188573596,281.2497757532584
5,1,280.98939606604876,281.4488198691225
5,2,281.03358749134634,281.3424656594657
5,3,281.1299531364904,281.2908839378476
5,4,264.5252672733697,359.61849892602777
5,5,281.087726794265,281.4550215917019
5,6,281.10722829010024,281.4052964182823
5,7,264.4300936655429,359.3133384314684
5,8,281.1246662702139,281.47054020107095
5,9,280.8190585033341,281.0231138674686
5,10,264.7604997763766,359.8882304985153
5,11,281.04061144691536,281.4443597663742
5,12,281.0964978797683,281.5881085765482
5,13,281.053475903067,281.43763852250765
5,14,281.13737613342477,281.5343219292165
5,15,281.10072002295993,281.5601876741826
5,16,281.0751663839985,281.6256240224425
5,17,264.3856869363759,359.3741456395385
5,18,281.0569177221212,281.54305211681447
5,19,281.08825308302096,281.6988958337195
5,20,281.22108719125526,281.74564395756494
5,21,281.05679336149996,281.4045685089955
5,22,281.20333186926075,281.72573599779525
5,23,281.14876571187045,281.84260095905904
5,24,280.9161917975112,281.02205473699917
5,25,281.2485414961462,281.8457736539499
5,26,281.323440546714,281.876323084311
5,27,281.3254314895035,281.87127397448364
5,28,280.96346830126345,281.4220474426492
5,29,281.11398988922946,281.16939643015246
6,0,281.285981813763,281.9510568673785
6,1,280.98939606604876,281.4488198691225
6,2,281.03358749134634,281.3424656594657
6,3,281.1299531364904,281.2908839378476
6,4,281.20574827446904,281.8841531405104
6,5,281.087726794265,281.4550215917019
6,6,281.10722829010024,281.4052964182823
6,7,281.26478670390804,282.03671699968226
6,8,281.17458690380374,282.07489349288596
6,9,280.8190585033341,281.0231138674686
6,10,264.7604997763766,359.8882304985153
6,11,281.3560088326886,282.08250898826657
6,12,281.4157890752461,282.08441153294126
6,13,281.053475903067,281.43763852250765
6,14,281.5636721935212,282.08156336462827
6,15,281.6101593062307,282.11046820879363
6,16,281.0751663839985,281.6256240224425
6,17,281.6786194377159,282.09702147772305
6,18,281.60823573242646,282.0540161689482
6,19,281.5962574334439,282.0467395560144
6,20,281.66500862275075,282.1189376212197
6,21,281.6514947791542,282.1719913845221
6,22,281.672558787367,282.21719633702475
6,23,281.676418452011,282.15697872219863
6,24,280.9161917975112,281.02205473699917
6,25,281.2485414961462,281.8457736539499
6,26,281.323440546714,281.876323084311
6,27,281.3254314895035,281.87127397448364
6,28,281.60585028094033,282.22431581031015
6,29,281.64807447907344,282.26014816683124
7,0,281.6793546124368,282.28473527188606
7,1,280.98939606604876,281.4488198691225
7,2,281.7946792049009,282.3141816918062
7,3,281.67170900473735,282.2649615869751
7,4,281.20574827446904,281.8841531405104
7,5,281.087726794265,281.4550215917019
7,6,281.10722829010024,281.4052964182823
7,7,281.8834020725429,282.3121230135359
7,8,281.9924880793163,282.2999461472921
7,9,280.8190585033341,281.0231138674686
7,10,264.7604997763766,359.8882304985153
7,11,282.0118494024997,282.239824507904
7,12,281.99779229542503,282.24845972573024
7,13,281.053475903067,281.43763852250765
7,14,281.5636721935212,282.08156336462827
7,15,281.6101593062307,282.11046820879363
7,16,281.92364694608796,282.27921959205725
7,17,282.05720041369955,282.2198858658314
7,18,281.99519493824465,282.39018466220335
7,19,282.01995854228085,282.4855443553331
7,20,282.0407190314754,282.4703804715285
7,21,281.6514947791542,282.1719913845221
7,22,281.672558787367,282.21719633702475
7,23,281.676418452011,282.15697872219863
7,24,280.9161917975112,281.02205473699917
7,25,281.9985376063834,282.4914743067971
7,26,281.323440546714,281.876323084311
7,27,281.3254314895035,281.87127397448364
7,28,281.60585028094033,282.22431581031015
7,29,282.01110448023957,282.5400986775687
8,0,282.1016278035455,282.5842452950408
8,1,282.14411698303536,282.66009487485843
8,2,281.7946792049009,282.3141816918062
8,3,282.17060568479224,282.6345488058718
8,4,282.09055300425456,282.5892884023026
8,5,281.087726794265,281.4550215917019
8,6,281.10722829010024,281.4052964182823
8,7,282.36038149162135,282.57957390378533
8,8,281.9924880793163,282.2999461472921
8,9,280.8190585033341,281.0231138674686
8,10,264.7604997763766,359.8882304985153
8,11,282.53724764990017,282.57558253171254
8,12,281.99779229542503,282.24845972573024
8,13,281.053475903067,281.43763852250765
8,14,282.59598252417015,282.5802831947942
8,15,282.5596211957747,282.5552969975329
8,16,281.92364694608796,282.27921959205725
8,17,282.5674851665237,282.5850734644922
8,18,281.99519493824465,282.39018466220335
8,19,282.01995854228085,282.4855443553331
8,20,282.0407190314754,282.4703804715285
8,21,281.6514947791542,282.1719913845221
8,22,281.672558787367,282.21719633702475
8,23,281.676418452011,282.15697872219863
8,24,280.9161917975112,281.02205473699917
8,25,282.57709760671,282.60724894498867
8,26,282.5503856510585,282.5868963638111
8,27,281.3254314895035,281.87127397448364
8,28,282.5745765649103,282.6221888062915
8,29,282.7535747684555,282.5789843537219
9,0,282.78021299656194,282.5866040151838
9,1,282.7532942752319,282.5483403111672
9,2,282.7855888587335,282.4716944983527
9,3,282.76973250617027,282.63362265034266
9,4,282.09055300425456,282.5892884023026
9,5,282.8423245381253,282.56569001097733
9,6,281.10722829010024,281.4052964182823
9,7,282.36038149162135,282.57957390378533
9,8,281.9924880793163,282.2999461472921
9,9,280.8190585033341,281.0231138674686
9,10,264.7604997763766,359.8882304985153
9,11,282.83449418594455,282.5512784447294
9,12,282.84309412616676,282.5054982243749
9,13,281.053475903067,281.43763852250765
9,14,282.59598252417015,282.5802831947942
9,15,282.5596211957747,282.5552969975329
9,16,281.92364694608796,282.27921959205725
9,17,282.5674851665237,282.5850734644922
9,18,282.84542510546385,282.5224067447462
9,19,282.9622999598202,282.621518607716
9,20,282.0407190314754,282.4703804715285
9,21,281.6514947791542,282.1719913845221
9,22,282.9738457009443,282.63445291625516
9,23,281.676418452011,282.15697872219863
9,24,283.0095074587015,282.61511247419867
9,25,282.57709760671,282.60724894498867
9,26,282.5503856510585,282.5868963638111
9,27,281.3254314895035,281.87127397448364
9,28,283.0661131247088,282.6937824301412
9,29,282.7535747684555,282.5789843537219
10,0,282.78021299656194,282.5866040151838
10,1,283.0903259229483,282.77181440102123
10,2,282.7855888587335,282.4716944983527
10,3,282.76973250617027,282.63362265034266
10,4,282.09055300425456,282.5892884023026
10,5,283.1232714014995,282.86928789086403
10,6,283.16658688913674,282.9615351273336
10,7,282.36038149162135,282.57957390378533
10,8,283.11285226144753,282.95557337270446
10,9,280.8190585033341,281.0231138674686
10,10,283.2045578747933,282.92356799884277
10,11,283.2561875333052,283.06186641396107
10,12,282.84309412616676,282.5054982243749
10,13,283.3049054532893,283.17705016459337
10,14,283.2048736013037,283.1335289753781
10,15,282.5596211957747,282.5552969975329
10,16,283.2587670220409,283.1526090888253
10,17,283.2228888988484,283.04426051247526
10,18,282.84542510546385,282.5224067447462
10,19,282.9622999598202,282.621518607716
10,20,283.24475144044777,283.1498653219944
10,21,281.6514947791542,282.1719913845221
10,22,283.33981461823635,283.3088878739547
10,23,281.676418452011,282.15697872219863
10,24,283.24348088980867,283.17046737464653
10,25,282.57709760671,282.60724894498867
10,26,283.3860145782871,283.2862423773968
10,27,283.28685332472685,283.3116074342943
10,28,283.0661131247088,282.6937824301412
10,29,282.7535747684555,282.5789843537219
11,0,283.46362141364114,283.29464706658496
11,1,283.0903259229483,282.77181440102123
11,2,282.7855888587335,282.4716944983527
11,3,282.76973250617027,282.63362265034266
11,4,283.44859915960774,283.30993266568544
11,5,283.1232714014995,282.86928789086403
11,6,283.16658688913674,282.9615351273336
11,7,283.4689341790186,283.2073419554621
11,8,283.11285226144753,282.95557337270446
11,9,280.8190585033341,281.0231138674686
11,10,283.4979302583582,283.48412492591336
11,11,283.5820875279285,283.58504676805643
11,12,283.5490249854037,283.59726774460984
11,13,283.3049054532893,283.17705016459337
11,14,283.6084068417791,283.55375002256926
11,15,282.5596211957747,282.5552969975329
11,16,283.702418562482,283.6157250403945
11,17,283.2228888988484,283.04426051247526
11,18,282.84542510546385,282.5224067447462
11,19,282.9622999598202,282.621518607716
11,20,283.24475144044777,283.1498653219944
11,21,281.6514947791542,282.1719913845221
11,22,283.60108217520326,283.7022602292944
11,23,281.676418452011,282.15697872219863
11,24,283.7783837383947,283.6297954588538
11,25,282.57709760671,282.60724894498867
11,26,283.3860145782871,283.2862423773968
11,27,283.7818011370816,283.657721493477
11,28,283.0661131247088,282.6937824301412
11,29,282.7535747684555,282.5789843537219
12,0,283.46362141364114,283.29464706658496
12,1,283.80911260141716,283.7090785579438
12,2,283.79829748194715,283.7769359717907
12,3,282.76973250617027,282.63362265034266
12,4,283.44859915960774,283.30993266568544
12,5,283.1232714014995,282.86928789086403
12,6,283.16658688913674,282.9615351273336
12,7,283.88243025368865,283.70282013416204
12,8,283.9408980626712,283.67246188440726
12,9,283.982383579826,283.5278303952839
12,10,283.4979302583582,283.48412492591336
12,11,283.5820875279285,283.58504676805643
12,12,283.8845154214061,283.68194406832185
12,13,283.3049054532893,283.17705016459337
12,14,283.6084068417791,283.55375002256926
12,15,283.882582546282,283.7754303226807
12,16,283.76932040565526,283.84773036314624
12,17,283.9822030929479,283.82028770312945
12,18,284.02782616058516,283.93188797976495
12,19,284.101624116772,283.9937180985051
12,20,284.1326806874659,283.98720650530555
12,21,284.15020524743375,283.9052909916317
12,22,284.105570966076,284.00602357575883
12,23,281.676418452011,282.15697872219863
12,24,284.12584093750434,284.02153447027376
12,25,282.57709760671,282.60724894498867
12,26,284.17205671925444,284.07254257904117
12,27,283.7818011370816,283.657721493477
12,28,284.1418485792031,284.039074425222
12,29,284.21282575608575,284.0147538966945
13,0,283.46362141364114,283.29464706658496
13,1,284.17467611518,284.1461947074076
13,2,283.79829748194715,283.7769359717907
13,3,282.76973250617027,282.63362265034266
13,4,284.1562797714894,284.0688114490868
13,5,283.1232714014995,282.86928789086403
13,6,283.16658688913674,282.9615351273336
13,7,284.2436316788842,284.1251129728366
13,8,283.9408980626712,283.67246188440726
13,9,284.2228210580366,283.98082696961586
13,10,284.3605968163637,284.2043224192912
13,11,283.5820875279285,283.58504676805643
13,12,283.8845154214061,283.68194406832185
13,13,283.3049054532893,283.17705016459337
13,14,283.6084068417791,283.55375002256926
13,15,284.402019749038,284.140045317995
13,16,283.76932040565526,283.84773036314624
13,17,284.49334137040086,284.0781595619651
13,18,284.02782616058516,283.93188797976495
13,19,284.101624116772,283.9937180985051
13,20,284.3812680732484,284.2281114493089
13,21,284.40570404804816,284.2631305643664
13,22,284.105570966076,284.00602357575883
13,23,284.37352283147703,284.2587274182632
13,24,284.12584093750434,284.02153447027376
13,25,284.3272780083437,284.30823501215787
13,26,284.17205671925444,284.07254257904117
13,27,283.7818011370816,283.657721493477
13,28,284.3998406814855,284.23615628242953
13,29,284.3305927683729,284.23821419279705
14,0,283.46362141364114,283.29464706658496
14,1,284.17467611518,284.1461947074076
14,2,284.45735783460316,284.19396653363697
14,3,282.76973250617027,282.63362265034266
14,4,284.1562797714894,284.0688114490868
14,5,284.40008969594385,284.1754134763124
14,6,283.16658688913674,282.9615351273336
14,7,284.2436316788842,284.1251129728366
14,8,283.9408980626712,283.67246188440726
14,9,284.4572426382824,284.1368699481259
14,10,284.3605968163637,284.2043224192912
14,11,283.5820875279285,283.58504676805643
14,12,283.8845154214061,283.68194406832185
14,13,284.43283774727365,284.2595352959098
14,14,283.6084068417791,283.55375002256926
14,15,284.39252397248276,284.21565984771405
14,16,284.505204134187,284.19031381841205
14,17,284.49334137040086,284.0781595619651
14,18,284.5685927391286,284.3288949750987
14,19,284.101624116772,283.9937180985051
14,20,284.5309903249207,284.29409836182543
14,21,284.53233350755823,284.3807136361676
14,22,284.4328068676446,284.4379047349366
14,23,284.40944606666,284.4151209736291
14,24,284.12584093750434,284.02153447027376
14,25,284.5969162756297,284.4990221165427
14,26,284.17205671925444,284.07254257904117
14,27,284.5668855792508,284.5881090885771
14,28,284.3998406814855,284.23615628242953
14,29,284.3305927683729,284.23821419279705
15,0,284.4029746022883,284.57915265661444
15,1,284.5426320344862,284.5207654745081
15,2,284.5672369127234,284.57242563539324
15,3,282.76973250617027,282.63362265034266
15,4,284.61278451094023,284.6152688264137
15,5,284.40008969594385,284.1754134763124
15,6,283.16658688913674,282.9615351273336
15,7,284.6716060314053,284.599256240921
15,8,283.9408980626712,283.67246188440726
15,9,284.4572426382824,284.1368699481259
15,10,284.3605968163637,284.2043224192912
15,11,283.5820875279285,283.58504676805643
15,12,283.8845154214061,283.68194406832185
15,13,284.69146807782283,284.60623953325387
15,14,283.6084068417791,283.55375002256926
15,15,284.6883513677158,284.5250382508187
15,16,284.505204134187,284.19031381841205
15,17,284.66691688954535,284.69416791061894
15,18,284.637009075647,284.7334906151562
15,19,284.101624116772,283.9937180985051
15,20,284.65550553678673,284.6720369076983
15,21,284.53233350755823,284.3807136361676
15,22,284.52617506752887,284.7946242229556
15,23,284.5930658934918,284.7597441164047
15,24,284.12584093750434,284.02153447027376
15,25,284.5969162756297,284.4990221165427
15,26,284.5561701850161,284.79801069904164
15,27,284.54906508880003,284.72476357121735
15,28,284.3998406814855,284.23615628242953
15,29,284.3305927683729,284.23821419279705
16,0,284.4029746022883,284.57915265661444
16,1,284.5426320344862,284.5207654745081
16,2,284.6055792775777,284.73968681012394
16,3,282.76973250617027,282.63362265034266
16,4,284.5444774165555,284.69468112805964
16,5,284.40008969594385,284.1754134763124
16,6,283.16658688913674,282.9615351273336
16,7,284.6716060314053,284.599256240921
16,8,283.9408980626712,283.67246188440726
16,9,284.4572426382824,284.1368699481259
16,10,284.69231017127265,284.5699952730362
16,11,283.5820875279285,283.58504676805643
16,12,283.8845154214061,283.68194406832185
16,13,284.69146807782283,284.60623953325387
16,14,283.6084068417791,283.55375002256926
16,15,284.6883513677158,284.5250382508187
16,16,284.5636860143818,284.81027546896973
16,17,284.66691688954535,284.69416791061894
16,18,284.637009075647,284.7334906151562
16,19,284.5719051828035,284.8254412819769
16,20,284.65550553678673,284.6720369076983
16,21,284.5367290450133,284.75929060692437
16,22,284.5568696756141,284.8258308022576
16,23,284.5930658934918,284.7597441164047
16,24,284.12584093750434,284.02153447027376
16,25,284.5969162756297,284.4990221165427
16,26,284.5561701850161,284.79801069904164
16,27,284.54906508880003,284.72476357121735
16,28,284.6334277392643,284.84803360526
16,29,284.5935691955021,284.8837498185684
17,0,284.4029746022883,284.57915265661444
17,1,284.5467043784409,284.85250418848057
17,2,284.4893193874277,284.90661108872683
17,3,284.65539718237176,284.9175773466961
17,4,284.5444774165555,284.69468112805964
17,5,284.40008969594385,284.1754134763124
17,6,283.16658688913674,282.9615351273336
17,7,284.7100103251501,284.8724517445452
17,8,284.789198820121,284.87562819730834
17,9,284.4572426382824,284.1368699481259
17,10,284.7695556808916,284.84856972069684
17,11,284.6754059347571,284.9639677095827
17,12,283.8845154214061,283.68194406832185
17,13,284.79002730973207,284.853718883344
17,14,283.6084068417791,283.55375002256926
17,15,284.6883513677158,284.5250382508187
17,16,284.82152330095755,284.86524645700354
17,17,284.80515866773,284.7757220520192
17,18,284.8354622646997,284.91643106942814
17,19,284.8001895791535,284.9072543791939
17,20,284.76147453023765,284.9405849379503
17,21,284.8628971680136,284.9910335639259
17,22,284.86122936343423,285.0018760009747
17,23,284.5930658934918,284.7597441164047
17,24,284.8424745002155,284.96909853512557
17,25,284.8680595260809,285.0618803106086
17,26,284.9045048593512,285.0597269235385
17,27,284.54906508880003,284.72476357121735
17,28,284.92745710397855,284.9929582801931
17,29,284.8887276654813,285.0583977508443
18,0,284.4029746022883,284.57915265661444
18,1,284.83511007337876,285.10735095355227
18,2,284.8804125581803,285.0065429602756
18,3,284.9563103080211,285.01332821027603
18,4,284.5444774165555,284.69468112805964
18,5,284.40008969594385,284.1754134763124
18,6,283.16658688913674,282.9615351273336
18,7,284.8814943896837,285.0245778694621
18,8,284.98762537981446,284.9886983091958
18,9,284.9344260135587,284.9278532635765
18,10,284.7695556808916,284.84856972069684
18,11,284.6754059347571,284.9639677095827
18,12,283.8845154214061,283.68194406832185
18,13,284.79002730973207,284.853718883344
18,14,285.0566066152982,284.918885262275
18,15,284.6883513677158,284.5250382508187
18,16,284.82152330095755,284.86524645700354
18,17,284.80515866773,284.7757220520192
18,18,284.9909322803846,284.97092648556713
18,19,285.042839202809,285.0051969407017
18,20,284.76147453023765,284.9405849379503
18,21,284.8628971680136,284.9910335639259
18,22,285.05903249545327,285.00117232447656
18,23,284.5930658934918,284.7597441164047
18,24,285.06336278637764,284.9510576415079
18,25,284.8680595260809,285.0618803106086
18,26,285.09597710873226,285.1040754042198
18,27,285.1285077648318,285.0472922597878
18,28,284.92745710397855,284.9929582801931
18,29,285.0334649110162,285.1028764386653
19,0,284.4029746022883,284.57915265661444
19,1,284.83511007337876,285.10735095355227
19,2,285.27218921618584,285.17049811090385
19,3,284.9563103080211,285.01332821027603
19,4,285.3401238721935,285.24137079605384
19,5,285.3753743665731,285.24846196967906
19,6,283.16658688913674,282.9615351273336
19,7,285.36606259108015,285.33216940689584
19,8,284.98762537981446,284.9886983091958
19,9,285.50124767544753,285.2728699462797
19,10,284.7695556808916,284.84856972069684
19,11,284.6754059347571,284.9639677095827
19,12,283.8845154214061,283.68194406832185
19,13,284.79002730973207,284.853718883344
19,14,285.0566066152982,284.918885262275
19,15,285.5698256747096,285.33405094792636
19,16,285.6722913796882,285.38926347060004
19,17,284.80515866773,284.7757220520192
19,18,284.9909322803846,284.97092648556713
19,19,285.6087853183962,285.44624372912386
19,20,284.76147453023765,284.9405849379503
19,21,284.8628971680136,284.9910335639259
19,22,285.05903249545327,285.00117232447656
19,23,284.5930658934918,284.7597441164047
19,24,285.06336278637764,284.9510576415079
19,25,284.8680595260809,285.0618803106086
19,26,285.7036955875103,285.33511917152936
19,27,285.1285077648318,285.0472922597878
19,28,285.67304523807627,285.33251949751354
19,29,285.6507837567485,285.4057277940877
20,0,284.4029746022883,284.57915265661444
20,1,284.83511007337876,285.10735095355227
20,2,285.27218921618584,285.17049811090385
20,3,284.9563103080211,285.01332821027603
20,4,285.62212592509337,285.3383807620828
20,5,285.3753743665731,285.24846196967906
20,6,285.66929272433146,285.29957380785686
20,7,285.8014766636604,285.41718861536526
20,8,285.6895417272371,285.3437051438648
20,9,285.88209328854657,285.503129263843
20,10,284.7695556808916,284.84856972069684
20,11,284.6754059347571,284.9639677095827
20,12,285.7605827955437,285.52661107200566
20,13,284.79002730973207,284.853718883344
20,14,285.0566066152982,284.918885262275
20,15,285.8236289152124,285.56528888396514
20,16,285.7555129679048,285.6489501991318
20,17,285.75832247349115,285.66144032195433
20,18,285.6515291286362,285.64148803406874
20,19,285.6087853183962,285.44624372912386
20,20,284.76147453023765,284.9405849379503
20,21,285.768462323619,285.6527398310173
20,22,285.05903249545327,285.00117232447656
20,23,285.7680596735019,285.59312203341943
20,24,285.06336278637764,284.9510576415079
20,25,284.8680595260809,285.0618803106086
20,26,285.7036955875103,285.33511917152936
20,27,285.8264949790081,285.56670450873924
20,28,285.7672730926395,285.64226828727465
20,29,285.670587844467,285.6489959676055
21,0,285.60016190231374,285.635754348438
21,1,285.8078692436518,285.6591034147934
21,2,285.8390231389431,285.6656268190205
21,3,285.7956578307369,285.6629259515038
21,4,285.85236071989885,285.617984022705
21,5,285.3753743665731,285.24846196967906
21,6,285.66929272433146,285.29957380785686
21,7,285.8014766636604,285.41718861536526
21,8,285.6895417272371,285.3437051438648
21,9,285.8223995236863,285.57314994497364
21,10,285.8190241148803,285.6411808456585
21,11,285.8626945516801,285.5492520376612
21,12,285.7605827955437,285.52661107200566
21,13,285.8473101905911,285.63038197353706
21,14,285.0566066152982,284.918885262275
21,15,285.74393072886596,285.7211725089941
21,16,285.7555129679048,285.6489501991318
21,17,285.75832247349115,285.66144032195433
21,18,285.6515291286362,285.64148803406874
21,19,285.8893603958305,285.5931055635832
21,20,285.936278840051,285.8558635057945
21,21,285.768462323619,285.6527398310173
21,22,285.05903249545327,285.00117232447656
21,23,285.7680596735019,285.59312203341943
21,24,285.06336278637764,284.9510576415079
21,25,285.8629787203967,285.8054614296357
21,26,285.86690643697875,285.8773856827864
21,27,285.79587574943304,285.9265409666978
21,28,285.9271162757096,285.938696170394
21,29,285.92315483989694,285.8988071053219
22,0,285.85002553340246,285.9510135695328
22,1,285.88083250085,285.9505853900708
22,2,285.9382384854786,285.9850496771756
22,3,285.9726079841556,285.8967367760828
22,4,285.85236071989885,285.617984022705
22,5,285.3753743665731,285.24846196967906
22,6,285.92586024035006,285.9194438651603
22,7,285.9010866755624,286.0237175723424
22,8,285.6895417272371,285.3437051438648
22,9,285.8223995236863,285.57314994497364
22,10,285.8707991600667,285.93668744678905
22,11,285.8626945516801,285.5492520376612
22,12,285.90962839981404,285.9979006548164
22,13,285.8473101905911,285.63038197353706
22,14,285.968303292765,286.02435703457064
22,15,285.74393072886596,285.7211725089941
22,16,285.7555129679048,285.6489501991318
22,17,285.9909767406469,285.9833290410128
22,18,285.6515291286362,285.64148803406874
22,19,285.8893603958305,285.5931055635832
22,20,285.90532220450115,285.93418683761035
22,21,285.768462323619,285.6527398310173
22,22,285.05903249545327,285.00117232447656
22,23,285.7680596735019,285.59312203341943
22,24,285.9832187909078,286.05087682054557
22,25,285.9706280965001,286.0801632460847
22,26,285.96365858156173,286.07765300498966
22,27,285.79587574943304,285.9265409666978
22,28,285.93724144537106,286.0448829061302
22,29,285.92315483989694,285.8988071053219
23,0,286.0105946103563,285.96267875928265
23,1,285.88083250085,285.9505853900708
23,2,285.9382384854786,285.9850496771756
23,3,285.9726079841556,285.8967367760828
23,4,286.0386706228742,286.15860715350925
23,5,286.1185637630165,286.2028722654411
23,6,285.92586024035006,285.9194438651603
23,7,285.9010866755624,286.0237175723424
23,8,286.2149289754586,286.2089277431152
23,9,285.8223995236863,285.57314994497364
23,10,285.8707991600667,285.93668744678905
23,11,285.8626945516801,285.5492520376612
23,12,285.90962839981404,285.9979006548164
23,13,285.8473101905911,285.63038197353706
23,14,285.968303292765,286.02435703457064
23,15,286.24048032952686,286.26762572927674
23,16,285.7555129679048,285.6489501991318
23,17,286.3382618135399,286.31275629896345
23,18,286.4039064309788,286.3637750519226
23,19,285.8893603958305,285.5931055635832
23,20,285.90532220450115,285.93418683761035
23,21,286.2701583244699,286.4001218934868
23,22,286.3198172782587,286.23987511529424
23,23,285.7680596735019,285.59312203341943
23,24,286.2794779241345,286.3740449072562
23,25,286.26285559132845,286.3776587951508
23,26,285.96365858156173,286.07765300498966
23,27,285.79587574943304,285.9265409666978
23,28,285.93724144537106,286.0448829061302
23,29,286.33234180330703,286.3952780073219
24,0,286.0105946103563,285.96267875928265
24,1,285.88083250085,285.9505853900708
24,2,286.3983924762225,286.1536553418706
24,3,285.9726079841556,285.8967367760828
24,4,286.3943756382357,286.24792823380307
24,5,286.1185637630165,286.2028722654411
24,6,285.92586024035006,285.9194438651603
24,7,286.2425976930935,286.30056853514776
24,8,286.2149289754586,286.2089277431152
24,9,286.3574552741071,286.3991306808142
24,10,285.8707991600667,285.93668744678905
24,11,285.8626945516801,285.5492520376612
24,12,285.90962839981404,285.9979006548164
24,13,286.38570695086327,286.32009879376847
24,14,286.48118410774066,286.3810914965451
24,15,286.24048032952686,286.26762572927674
24,16,286.46394979569106,286.4438784846714
24,17,286.3382618135399,286.31275629896345
24,18,286.4039064309788,286.3637750519226
24,19,285.8893603958305,285.5931055635832
24,20,286.470126417104,286.42086443472834
24,21,286.2701583244699,286.4001218934868
24,22,286.3600515388513,286.52745600022007
24,23,285.7680596735019,285.59312203341943
24,24,286.5598258249947,286.43722087968416
24,25,286.63208662710366,286.5354814209447
24,26,286.5925110060816,286.4175817110012
24,27,286.6902762172404,286.5565405576707
24,28,285.93724144537106,286.0448829061302
24,29,286.67378680544044,286.6179814249684
25,0,286.0105946103563,285.96267875928265
25,1,286.8016042841504,286.5898894604522
25,2,286.3983924762225,286.1536553418706
25,3,285.9726079841556,285.8967367760828
25,4,286.81125111435733,286.5503129061373
25,5,286.1185637630165,286.2028722654411
25,6,285.92586024035006,285.9194438651603
25,7,286.2425976930935,286.30056853514776
25,8,286.2149289754586,286.2089277431152
25,9,286.3574552741071,286.3991306808142
25,10,286.81636669882766,286.6097009403296
25,11,286.8987803725095,286.560141911453
25,12,285.90962839981404,285.9979006548164
25,13,286.38570695086327,286.32009879376847
25,14,286.48118410774066,286.3810914965451
25,15,286.8165035237114,286.56190138936165
25,16,286.46394979569106,286.4438784846714
25,17,286.3382618135399,286.31275629896345
25,18,286.4039064309788,286.3637750519226
25,19,286.7715085950045,286.6614470690405
25,20,286.89919743534995,286.61115282313904
25,21,286.2701583244699,286.4001218934868
25,22,286.8329762989922,286.5700817895601
25,23,285.7680596735019,285.59312203341943
25,24,286.5598258249947,286.43722087968416
25,25,286.63208662710366,286.5354814209447
25,26,286.5925110060816,286.4175817110012
25,27,286.6902762172404,286.5565405576707
25,28,285.93724144537106,286.0448829061302
25,29,286.67378680544044,286.6179814249684
26,0,286.97050574494335,286.62916732603804
26,1,286.98492262525184,286.71997478410293
26,2,286.3983924762225,286.1536553418706
26,3,286.9319036574506,286.73661043228327
26,4,287.0223129374103,286.79372791129987
26,5,286.1185637630165,286.2028722654411
26,6,286.9677304976452,286.7573784954225
26,7,286.2425976930935,286.30056853514776
26,8,286.9119049289723,286.79834744113487
26,9,286.3574552741071,286.3991306808142
26,10,287.03842678942027,286.8567590329217
26,11,286.8987803725095,286.560141911453
26,12,285.90962839981404,285.9979006548164
26,13,287.0826648768546,286.8421722866465
26,14,286.48118410774066,286.3810914965451
26,15,286.8165035237114,286.56190138936165
26,16,287.14826653098,286.83127908137374
26,17,287.07869456797596,286.81083173353846
26,18,286.4039064309788,286.3637750519226
26,19,286.7715085950045,286.6614470690405
26,20,287.142446116092,286.84481003379346
26,21,287.11265906506316,286.8538888950173
26,22,287.19712876903867,286.7901342656502
26,23,285.7680596735019,285.59312203341943
26,24,287.17173169838406,286.9372562387517
26,25,286.63208662710366,286.5354814209447
26,26,286.5925110060816,286.4175817110012
26,27,286.6902762172404,286.5565405576707
26,28,285.93724144537106,286.0448829061302
26,29,286.67378680544044,286.6179814249684
27,0,287.15894313194957,286.99587931965345
27,1,286.98492262525184,286.71997478410293
27,2,286.3983924762225,286.1536553418706
27,3,287.17616760387983,286.9726460377382
27,4,287.0223129374103,286.79372791129987
27,5,287.19327119750625,287.04058615548684
27,6,287.0859337851622,286.9453939441685
27,7,287.10303353311184,286.9460079334935
27,8,286.9119049289723,286.79834744113487
27,9,286.3574552741071,286.3991306808142
27,10,287.29699466065586,287.059754317485
27,11,287.3366685397147,287.08951933059365
27,12,287.2619660154774,287.07886889761306
27,13,287.0826648768546,286.8421722866465
27,14,287.2257283069064,287.0397235080378
27,15,287.2765582852132,287.1304431179452
27,16,287.14826653098,286.83127908137374
27,17,287.3711338330736,287.2001415814391
27,18,286.4039064309788,286.3637750519226
27,19,287.3424581128726,287.22323387417407
27,20,287.142446116092,286.84481003379346
27,21,287.11265906506316,286.8538888950173
27,22,287.412464939479,287.23075781134844
27,23,287.3496382615945,287.2092931153049
27,24,287.17173169838406,286.9372562387517
27,25,286.63208662710366,286.5354814209447
27,26,286.5925110060816,286.4175817110012
27,27,287.40614936035337,287.1869714749917
27,28,287.3123657445687,287.1045063067914
27,29,287.4517808628482,287.16228851915974
28,0,287.51153508363694,287.30795792921566
28,1,286.98492262525184,286.71997478410293
28,2,287.49224243750746,287.3967753977914
28,3,287.54002920592075,287.3440224738582
28,4,287.0223129374103,286.79372791129987
28,5,287.19327119750625,287.04058615548684
28,6,287.0859337851622,286.9453939441685
28,7,287.4369555907276,287.4062559448138
28,8,286.9119049289723,286.79834744113487
28,9,287.39923528655873,287.38331475699385
28,10,287.4430797949768,287.47090772758554
28,11,287.399063155987,287.4393256294221
28,12,287.2619660154774,287.07886889761306
28,13,287.42757617664165,287.51655564390603
28,14,287.2257283069064,287.0397235080378
28,15,287.2765582852132,287.1304431179452
28,16,287.28554346715356,287.54964986509447
28,17,287.3711338330736,287.2001415814391
28,18,286.4039064309788,286.3637750519226
28,19,287.3424581128726,287.22323387417407
28,20,287.43708077094,287.46565030382123
28,21,287.11265906506316,286.8538888950173
28,22,287.4507212497925,287.5672618498232
28,23,287.3851008345797,287.6495754641442
28,24,287.35519742130316,287.66381648763297
28,25,286.63208662710366,286.5354814209447
28,26,287.4236223116321,287.7211253460432
28,27,287.4798417818628,287.66148436157107
28,28,287.3123657445687,287.1045063067914
28,29,287.4517808628482,287.16228851915974
29,0,287.51153508363694,287.30795792921566
29,1,286.98492262525184,286.71997478410293
29,2,287.49224243750746,287.3967753977914
29,3,287.46445977075217,287.75020874416
29,4,287.4000193117604,287.87784315897574
29,5,287.4321448625339,287.8299466869833
29,6,287.4608677373882,287.8356564662969
29,7,287.4369555907276,287.4062559448138
29,8,287.48222941598607,287.8618930646584
29,9,287.5213107581436,287.90310793139764
29,10,287.4430797949768,287.47090772758554
29,11,287.5577501421751,287.9523646158209
29,12,287.2619660154774,287.07886889761306
29,13,287.73130282182984,287.94050192977517
29,14,287.6894933061766,287.9420711184748
29,15,287.2765582852132,287.1304431179452
29,16,287.66174153682664,287.9859003595959
29,17,287.3711338330736,287.2001415814391
29,18,286.4039064309788,286.3637750519226
29,19,287.3424581128726,287.22323387417407
29,20,287.8483151730686,287.86732549146546
29,21,287.11265906506316,286.8538888950173
29,22,287.7735446077024,287.9379866042505
29,23,287.9194884135875,287.9251745995811
29,24,287.35519742130316,287.66381648763297
29,25,286.63208662710366,286.5354814209447
29,26,288.0388445476886,287.94084732548964
29,27,288.0022653087563,287.8695057535416
29,28,287.3123657445687,287.1045063067914
29,29,287.4517808628482,287.16228851915974
30,0,287.9726141571474,287.95935669878304
30,1,286.98492262525184,286.71997478410293
30,2,288.12494880682755,287.8923342327346
30,3,287.46445977075217,287.75020874416
30,4,287.4000193117604,287.87784315897574
30,5,288.09951942541267,287.8790772447996
30,6,288.2012726773538,287.92160989455044
30,7,288.1546907117742,287.902008086295
30,8,288.25969543086234,287.7860451676683
30,9,288.25288752174487,287.9215255114169
30,10,287.4430797949768,287.47090772758554
30,11,288.23543754786937,287.863722492339
30,12,288.15599800025655,287.7500062815949
30,13,288.28330922127725,287.9871102814096
30,14,288.359135220685,288.1069270207377
30,15,288.30653516723555,288.15864088614575
30,16,287.66174153682664,287.9859003595959
30,17,287.3711338330736,287.2001415814391
30,18,286.4039064309788,286.3637750519226
30,19,288.3590864927081,288.1813767628737
30,20,288.1942704735116,288.1035757913147
30,21,287.11265906506316,286.8538888950173
30,22,287.7735446077024,287.9379866042505
30,23,287.9194884135875,287.9251745995811
30,24,287.35519742130316,287.66381648763297
30,25,288.26993249286437,288.1058677560127
30,26,288.40220862345905,288.24475822371056
30,27,288.361286968887,288.24763770045064
30,28,288.3453423401892,288.1838574818005
30,29,288.37964814698034,288.27146094599317
31,0,287.9726141571474,287.95935669878304
31,1,288.3774106345518,288.3482049995397
31,2,288.12494880682755,287.8923342327346
31,3,288.4097033822273,288.46472976528435
31,4,288.3583451896679,288.5242317682635
31,5,288.35945547150374,288.5214901436449
31,6,288.3223997275626,288.56567443060493
31,7,288.41330198882986,288.55733028768987
31,8,288.25969543086234,287.7860451676683
31,9,288.4591767012903,288.59554620193256
31,10,288.50580425308203,288.70659248520997
31,11,288.23543754786937,287.863722492339
31,12,288.15599800025655,287.7500062815949
31,13,288.5095991262203,288.6979711648248
31,14,288.4190432688413,288.7762540838301
31,15,288.51384127404043,288.71921313907876
31,16,287.66174153682664,287.9859003595959
31,17,287.3711338330736,287.2001415814391
31,18,288.4576637116728,288.7550155145105
31,19,288.3590864927081,288.1813767628737
31,20,288.57290056318084,288.69730262032016
31,21,288.5072461766412,288.59357328894237
31,22,288.5516903497401,288.62283288489743
31,23,288.49816937373345,288.74847928782685
31,24,287.35519742130316,287.66381648763297
31,25,288.5573253521656,288.66875759389836
31,26,288.5334612065468,288.7113748278503
31,27,288.361286968887,288.24763770045064
31,28,288.3453423401892,288.1838574818005
31,29,288.37964814698034,288.27146094599317
32,0,288.605495751221,288.65038901056363
32,1,288.50903027200667,288.64489332536573
32,2,288.5805317027471,288.69636892631064
32,3,288.4097033822273,288.46472976528435
32,4,288.3583451896679,288.5242317682635
32,5,288.35945547150374,288.5214901436449
32,6,288.61988336338504,288.854259742438
32,7,288.6131340687273,288.86043370177
32,8,288.25969543086234,287.7860451676683
32,9,288.4591767012903,288.59554620193256
32,10,288.50580425308203,288.70659248520997
32,11,288.68285300938743,288.80357541677836
32,12,288.15599800025655,287.7500062815949
32,13,288.70839786022157,288.87505259964274
32,14,288.4190432688413,288.7762540838301
32,15,288.51384127404043,288.71921313907876
32,16,288.77715089590504,288.88441861113137
32,17,287.3711338330736,287.2001415814391
32,18,288.4576637116728,288.7550155145105
32,19,288.75118661985266,288.9200773881697
32,20,288.57290056318084,288.69730262032016
32,21,288.5072461766412,288.59357328894237
32,22,288.7561594186115,288.96283561082527
32,23,288.49816937373345,288.74847928782685
32,24,287.35519742130316,287.66381648763297
32,25,288.76128086997824,288.93855293178115
32,26,288.5334612065468,288.7113748278503
32,27,288.7058239074289,289.0072810339193
32,28,288.3453423401892,288.1838574818005
32,29,288.7610118149468,288.9740849502244
33,0,288.7257025207287,288.9810361672421
33,1,288.7673701292029,288.9801666628037
33,2,288.8314723363335,288.9849775722064
33,3,288.8317302108582,288.9963188327206
33,4,288.7891575561363,289.0029709548603
33,5,288.35945547150374,288.5214901436449
33,6,288.61988336338504,288.854259742438
33,7,288.6131340687273,288.86043370177
33,8,288.25969543086234,287.7860451676683
33,9,288.4591767012903,288.59554620193256
33,10,288.50580425308203,288.70659248520997
33,11,288.7736929062303,288.94391032895714
33,12,288.8543530456931,289.02426196826275
33,13,288.8843198450919,289.0209954768708
33,14,288.8633235954361,289.0179235078004
33,15,288.88888324110616,289.0358691953588
33,16,288.77715089590504,288.88441861113137
33,17,288.8996607773003,289.01496917883674
33,18,288.9829847957776,289.10440235257056
33,19,288.75118661985266,288.9200773881697
33,20,289.06864399387314,289.1172286449399
33,21,289.11029715872354,289.0587188656503
33,22,288.7561594186115,288.96283561082527
33,23,289.1458364558283,289.0455989353462
33,24,287.35519742130316,287.66381648763297
33,25,288.76128086997824,288.93855293178115
33,26,288.5334612065468,288.7113748278503
33,27,288.7058239074289,289.0072810339193
33,28,288.3453423401892,288.1838574818005
33,29,288.7610118149468,288.9740849502244
34,0,288.7257025207287,288.9810361672421
34,1,288.7673701292029,288.9801666628037
34,2,288.8314723363335,288.9849775722064
34,3,288.8317302108582,288.9963188327206
34,4,288.7891575561363,289.0029709548603
34,5,289.16152373315964,289.1255608622988
34,6,289.091297644573,289.161850234725
34,7,289.2750287382921,289.1033245868104
34,8,289.2416398634267,289.11571219562467
34,9,289.3894333954243,289.09989556470225
34,10,289.39560793263155,289.0568199668808
34,11,288.7736929062303,288.94391032895714
34,12,289.3294656351454,289.0896384842456
34,13,288.8843198450919,289.0209954768708
34,14,289.47328879503306,289.1742949525774
34,15,289.49522179905955,289.14250718260683
34,16,289.456220007725,289.2122690924906
34,17,288.8996607773003,289.01496917883674
34,18,289.5122073247007,289.23956851310675
34,19,288.75118661985266,288.9200773881697
34,20,289.48989369148427,289.2869706702976
34,21,289.11029715872354,289.0587188656503
34,22,288.7561594186115,288.96283561082527
34,23,289.52690685131074,289.1749624011148
34,24,289.4865118402161,289.1953048566577
34,25,288.76128086997824,288.93855293178115
34,26,288.5334612065468,288.7113748278503
34,27,289.4735827313454,289.27342777192786
34,28,288.3453423401892,288.1838574818005
34,29,288.7610118149468,288.9740849502244
35,0,289.45708378716347,289.29799667098297
35,1,289.5468350649634,289.2496582520365
35,2,289.58884979966626,289.27920533773516
35,3,288.8317302108582,288.9963188327206
35,4,289.5459905722863,289.2417510080374
35,5,289.16152373315964,289.1255608622988
35,6,289.091297644573,289.161850234725
35,7,289.2750287382921,289.1033245868104
35,8,289.2416398634267,289.11571219562467
35,9,289.6575149045732,289.35815717833816
35,10,289.5623319209179,289.3542919687886
35,11,288.7736929062303,288.94391032895714
35,12,289.3294656351454,289.0896384842456
35,13,288.8843198450919,289.0209954768708
35,14,289.47328879503306,289.1742949525774
35,15,289.49522179905955,289.14250718260683
35,16,289.456220007725,289.2122690924906
35,17,288.8996607773003,289.01496917883674
35,18,289.5919449056369,289.4632665682467
35,19,288.75118661985266,288.9200773881697
35,20,289.50314165702173,289.3918891561492
35,21,289.11029715872354,289.0587188656503
35,22,289.6340448420891,289.4174288184108
35,23,289.52690685131074,289.1749624011148
35,24,289.4865118402161,289.1953048566577
35,25,288.76128086997824,288.93855293178115
35,26,288.5334612065468,288.7113748278503
35,27,289.4735827313454,289.27342777192786
35,28,288.3453423401892,288.1838574818005
35,29,288.7610118149468,288.9740849502244
36,0,289.535153628107,289.4838106199289
36,1,289.5383251574179,289.3934283171081
36,2,289.6564531948217,289.48111017245924
36,3,288.8317302108582,288.9963188327206
36,4,289.5459905722863,289.2417510080374
36,5,289.16152373315964,289.1255608622988
36,6,289.091297644573,289.161850234725
36,7,289.2750287382921,289.1033245868104
36,8,289.62776086252285,289.4762675329316
36,9,289.6575149045732,289.35815717833816
36,10,289.6570223065627,289.45950499220777
36,11,288.7736929062303,288.94391032895714
36,12,289.7597645945637,289.50075356340153
36,13,288.8843198450919,289.0209954768708
36,14,289.7020825166034,289.5286183488556
36,15,289.49522179905955,289.14250718260683
36,16,289.456220007725,289.2122690924906
36,17,289.7833350257555,289.5501648484076
36,18,289.5919449056369,289.4632665682467
36,19,288.75118661985266,288.9200773881697
36,20,289.8390594192707,289.54963481407844
36,21,289.11029715872354,289.0587188656503
36,22,289.6340448420891,289.4174288184108
36,23,289.81141631195356,289.7081217037004
36,24,289.4865118402161,289.1953048566577
36,25,288.76128086997824,288.93855293178115
36,26,289.83185566654316,289.71373770235067
36,27,289.78100467290443,289.7016087174933
36,28,288.3453423401892,288.1838574818005
36,29,288.7610118149468,288.9740849502244
37,0,289.535153628107,289.4838106199289
37,1,289.5383251574179,289.3934283171081
37,2,289.6564531948217,289.48111017245924
37,3,288.8317302108582,288.9963188327206
37,4,289.5459905722863,289.2417510080374
37,5,289.74870297076063,289.71890445045085
37,6,289.091297644573,289.161850234725
37,7,289.2750287382921,289.1033245868104
37,8,289.62776086252285,289.4762675329316
37,9,289.9343283490461,289.61279729446335
37,10,289.7776625352902,289.80870602859574
37,11,289.90407284477897,289.7814209108489
37,12,289.7597645945637,289.50075356340153
37,13,289.8997077703033,289.76643058766615
37,14,289.7020825166034,289.5286183488556
37,15,290.00497275009855,289.8695588974935
37,16,289.456220007725,289.2122690924906
37,17,290.0486513926997,289.8715488942615
37,18,289.5919449056369,289.4632665682467
37,19,290.058444874518,289.8566165416629
37,20,289.8390594192707,289.54963481407844
37,21,289.9650358629566,289.8937036963619
37,22,290.0710894595377,289.85631422988354
37,23,290.01807780751926,289.86736639309777
37,24,290.0689698658529,289.87676462547853
37,25,289.947887003821,289.89013014679074
37,26,289.83185566654316,289.71373770235067
37,27,290.0220272748531,289.9067298018109
37,28,289.9983895560627,289.8109665310689
37,29,290.04656266104604,289.9215003453216
38,0,290.0823710401514,289.8484482643867
38,1,289.5383251574179,289.3934283171081
38,2,289.6564531948217,289.48111017245924
38,3,288.8317302108582,288.9963188327206
38,4,290.0381698866133,290.02900275411497
38,5,290.0411332913173,289.99315724857297
38,6,289.091297644573,289.161850234725
38,7,290.01557784952746,290.1227595766681
38,8,289.62776086252285,289.4762675329316
38,9,290.08085405531443,290.12893627097696
38,10,290.00918853959587,290.16221297106847
38,11,289.90407284477897,289.7814209108489
38,12,290.04394678165926,290.1829188885978
38,13,290.1008993732157,290.1870345685944
38,14,290.12567034004843,290.2082727868399
38,15,290.06024201562434,290.13973911796336
38,16,290.0392518880935,290.2373503604413
38,17,290.0490751498269,290.23028245761424
38,18,290.1705830415498,290.19419687255095
38,19,290.058444874518,289.8566165416629
38,20,290.14881348539205,290.1677630672647
38,21,289.9650358629566,289.8937036963619
38,22,290.1887173921651,290.1757822782618
38,23,290.01807780751926,289.86736639309777
38,24,290.1425086577223,290.2424628692606
38,25,290.1995839246354,290.2717772163097
38,26,289.83185566654316,289.71373770235067
38,27,290.12961257663846,290.3570744294944
38,28,289.9983895560627,289.8109665310689
38,29,290.1656715723141,290.4327974027595
39,0,290.0823710401514,289.8484482643867
39,1,289.5383251574179,289.3934283171081
39,2,289.6564531948217,289.48111017245924
39,3,290.2031022704597,290.46058433303887
39,4,290.0381698866133,290.02900275411497
39,5,290.0411332913173,289.99315724857297
39,6,290.2422300461178,290.506089044661
39,7,290.2816362580611,290.54876994521203
39,8,289.62776086252285,289.4762675329316
39,9,290.33444399031174,290.5343225603377
39,10,290.00918853959587,290.16221297106847
39,11,289.90407284477897,289.7814209108489
39,12,290.30852857052537,290.50942975125344
39,13,290.265690999409,290.5706822469166
39,14,290.31840160453766,290.5295987234852
39,15,290.06024201562434,290.13973911796336
39,16,290.0392518880935,290.2373503604413
39,17,290.29097874579367,290.48741398070183
39,18,290.1705830415498,290.19419687255095
39,19,290.2398728548864,290.4503524556517
39,20,290.394282053931,290.5228016178385
39,21,290.3638101530201,290.44105432291724
39,22,290.1887173921651,290.1757822782618
39,23,290.43237099424726,290.5682790378477
39,24,290.1425086577223,290.2424628692606
39,25,290.3921590797215,290.5146764693953
39,26,289.83185566654316,289.71373770235067
39,27,290.12961257663846,290.3570744294944
39,28,289.9983895560627,289.8109665310689
39,29,290.3994819080379,290.54593294742574
40,0,290.0823710401514,289.8484482643867
40,1,290.37063639561535,290.5303515231429
40,2,290.4064807529515,290.5374813886022
40,3,290.4674887454411,290.585495834178
40,4,290.45256072167126,290.62105756750714
40,5,290.0411332913173,289.99315724857297
40,6,290.2422300461178,290.506089044661
40,7,290.2816362580611,290.54876994521203
40,8,289.62776086252285,289.4762675329316
40,9,290.38122948302265,290.745604027249
40,10,290.4545474774135,290.7749283845285
40,11,289.90407284477897,289.7814209108489
40,12,290.48500169789304,290.7802195651313
40,13,290.265690999409,290.5706822469166
40,14,290.5633705596615,290.7371171203892
40,15,290.5507989862641,290.77060058853675
40,16,290.4890666269897,290.74369517423156
40,17,290.29097874579367,290.48741398070183
40,18,290.5215255453671,290.76881878976167
40,19,290.51319679612845,290.720122803457
40,20,290.394282053931,290.5228016178385
40,21,290.3638101530201,290.44105432291724
40,22,290.1887173921651,290.1757822782618
40,23,290.43237099424726,290.5682790378477
40,24,290.5018287437203,290.77478070190006
40,25,290.479497475234,290.79964209149233
40,26,290.5491673380935,290.82220923020407
40,27,290.496853743684,290.87301787962963
40,28,290.5200151575354,290.81066386298636
40,29,290.4875111695874,290.7981030472415
41,0,290.5169941127475,290.87067030682897
41,1,290.52467967688864,290.9245438252156
41,2,290.4064807529515,290.5374813886022
41,3,290.4674887454411,290.585495834178
41,4,290.47438723564716,290.92828397948045
41,5,290.0411332913173,289.99315724857297
41,6,290.2422300461178,290.506089044661
41,7,290.5070110264756,290.9198223918949
41,8,290.6207164432818,290.9406465497798
41,9,290.5965659159307,290.9034801167951
41,10,290.6277734100639,290.87539034390903
41,11,290.58163428087636,290.8985434877077
41,12,290.48500169789304,290.7802195651313
41,13,290.6012181507602,290.95203243428983
41,14,290.54077231163933,290.9865205514577
41,15,290.6494430251566,290.98194114975274
41,16,290.4890666269897,290.74369517423156
41,17,290.29097874579367,290.48741398070183
41,18,290.5215255453671,290.76881878976167
41,19,290.51319679612845,290.720122803457
41,20,290.394282053931,290.5228016178385
41,21,290.3638101530201,290.44105432291724
41,22,290.1887173921651,290.1757822782618
41,23,290.43237099424726,290.5682790378477
41,24,290.5018287437203,290.77478070190006
41,25,290.479497475234,290.79964209149233
41,26,290.5491673380935,290.82220923020407
41,27,290.496853743684,290.87301787962963
41,28,290.5200151575354,290.81066386298636
41,29,290.5636303065739,290.9677499790858
42,0,290.5169941127475,290.87067030682897
42,1,290.52467967688864,290.9245438252156
42,2,290.79409850473246,291.0316926291265
42,3,290.4674887454411,290.585495834178
42,4,290.47438723564716,290.92828397948045
42,5,290.8070058447451,291.09225991348114
42,6,290.2422300461178,290.506089044661
42,7,290.7984814249329,291.11895592703
42,8,290.6207164432818,290.9406465497798
42,9,290.7910126887555,291.231049521759
42,10,290.75606685168884,291.2700802922626
42,11,290.7089102728725,291.2689831871609
42,12,290.48500169789304,290.7802195651313
42,13,290.6012181507602,290.95203243428983
42,14,290.6832274134264,291.18405330503015
42,15,290.6978273286692,291.31747208987474
42,16,290.4890666269897,290.74369517423156
42,17,290.7683557734755,291.1545881782862
42,18,290.72525721241726,291.2257975525176
42,19,290.79793750036634,291.43043048317656
42,20,290.66892087540174,291.48805509071633
42,21,290.74201569768854,291.4278307153839
42,22,290.6895555467128,291.4689016893232
42,23,290.43237099424726,290.5682790378477
42,24,290.5018287437203,290.77478070190006
42,25,290.479497475234,290.79964209149233
42,26,290.5491673380935,290.82220923020407
42,27,290.7731203023728,291.3531932984712
42,28,290.5200151575354,290.81066386298636
42,29,290.5636303065739,290.9677499790858
43,0,290.8618813013294,291.390093420277
43,1,290.52467967688864,290.9245438252156
43,2,290.9071378726448,291.37364937500445
43,3,290.92531652441954,291.44183920690847
43,4,290.47438723564716,290.92828397948045
43,5,290.9050751906196,291.4978636683355
43,6,290.9143465378213,291.4608822657368
43,7,290.96945067435706,291.4948770183962
43,8,291.0184330876908,291.527843907556
43,9,290.7910126887555,291.231049521759
43,10,291.03774818891344,291.5026572149959
43,11,290.7089102728725,291.2689831871609
43,12,290.48500169789304,290.7802195651313
43,13,290.6012181507602,290.95203243428983
43,14,291.0310077835044,291.5968351193565
43,15,290.6978273286692,291.31747208987474
43,16,290.4890666269897,290.74369517423156
43,17,290.7683557734755,291.1545881782862
43,18,291.07538599809993,291.6786696364922
43,19,291.14727617752783,291.63644131810935
43,20,290.66892087540174,291.48805509071633
43,21,290.74201569768854,291.4278307153839
43,22,290.6895555467128,291.4689016893232
43,23,290.43237099424726,290.5682790378477
43,24,291.1661371435506,291.6052314748496
43,25,291.118481866851,291.5763475136352
43,26,291.14509274731944,291.65491500241785
43,27,290.7731203023728,291.3531932984712
43,28,290.5200151575354,290.81066386298636
43,29,290.5636303065739,290.9677499790858
44,0,290.8618813013294,291.390093420277
44,1,291.17502244047654,291.6848832479269
44,2,290.9071378726448,291.37364937500445
44,3,291.08763550433935,291.5805809620106
44,4,291.131021873301,291.7466880545249
44,5,291.1185023734008,291.7521071734942
44,6,290.9143465378213,291.4608822657368
44,7,291.1568229509942,291.77575144346525
44,8,291.0184330876908,291.527843907556
44,9,291.14765429883965,291.8362787908851
44,10,291.03774818891344,291.5026572149959
44,11,291.1857451095105,291.8001085553267
44,12,291.152798249853,291.8049014695101
44,13,290.6012181507602,290.95203243428983
44,14,291.0310077835044,291.5968351193565
44,15,290.6978273286692,291.31747208987474
44,16,290.4890666269897,290.74369517423156
44,17,291.1141424256651,291.82707357362034
44,18,291.120754982691,291.8503885607631
44,19,291.14727617752783,291.63644131810935
44,20,290.66892087540174,291.48805509071633
44,21,291.1374202149737,291.839166041193
44,22,291.0696454551365,291.8368925298706
44,23,290.43237099424726,290.5682790378477
44,24,291.22487254546337,291.85788672451
44,25,291.118481866851,291.5763475136352
44,26,291.14509274731944,291.65491500241785
44,27,291.17381467043856,291.67921064626796
44,28,291.23959770479553,291.9013571977934
44,29,291.32371471402354,291.78507803967716
45,0,291.20385014037976,292.0188654396511
45,1,291.26938556843004,291.98746966713554
45,2,290.9071378726448,291.37364937500445
45,3,291.08763550433935,291.5805809620106
45,4,291.25113263157016,292.02987841606387
45,5,291.2583268378969,291.9846978939402
45,6,290.9143465378213,291.4608822657368
45,7,291.22348621223915,292.00844629357266
45,8,291.0184330876908,291.527843907556
45,9,291.1927452554083,292.114200872726
45,10,291.03774818891344,291.5026572149959
45,11,291.24700152680765,292.0114333116371
45,12,291.1218271028122,292.1220000061943
45,13,290.6012181507602,290.95203243428983
45,14,291.0310077835044,291.5968351193565
45,15,290.6978273286692,291.31747208987474
45,16,290.4890666269897,290.74369517423156
45,17,291.1141424256651,291.82707357362034
45,18,291.24483255782246,292.12928720078173
45,19,291.27100339601975,292.06696028907146
45,20,290.66892087540174,291.48805509071633
45,21,291.1374202149737,291.839166041193
45,22,291.31895930586467,292.0454134631064
45,23,290.43237099424726,290.5682790378477
45,24,291.2169655527749,292.0311789178134
45,25,291.2829658390754,292.1207960052376
45,26,291.14509274731944,291.65491500241785
45,27,291.17381467043856,291.67921064626796
45,28,291.35989890891614,291.9929281764087
45,29,291.30811295598374,292.20737923466805
46,0,291.20385014037976,292.0188654396511
46,1,291.26938556843004,291.98746966713554
46,2,291.29872678798836,292.2490158689871
46,3,291.36143853418645,292.23738546841525
46,4,291.42471401361917,292.2487232441574
46,5,291.2583268378969,291.9846978939402
46,6,290.9143465378213,291.4608822657368
46,7,291.22348621223915,292.00844629357266
46,8,291.0184330876908,291.527843907556
46,9,291.1927452554083,292.114200872726
46,10,291.5106649916551,292.2349403884725
46,11,291.4902064496958,292.1559879430057
46,12,291.51889708530456,292.2329659639395
46,13,290.6012181507602,290.95203243428983
46,14,291.44718451774224,292.2886206474386
46,15,290.6978273286692,291.31747208987474
46,16,290.4890666269897,290.74369517423156
46,17,291.52917697457946,292.29114041093123
46,18,291.5787558515662,292.25284355098154
46,19,291.6408043907879,292.34486213743713
46,20,290.66892087540174,291.48805509071633
46,21,291.6851472175899,292.393081477098
46,22,291.31895930586467,292.0454134631064
46,23,290.43237099424726,290.5682790378477
46,24,291.2169655527749,292.0311789178134
46,25,291.769291286089,292.4152448315711
46,26,291.14509274731944,291.65491500241785
46,27,291.17381467043856,291.67921064626796
46,28,291.35989890891614,291.9929281764087
46,29,291.30811295598374,292.20737923466805
47,0,291.70874450712256,292.3938893721093
47,1,291.26938556843004,291.98746966713554
47,2,291.7042268463172,292.4640424645043
47,3,291.36143853418645,292.23738546841525
47,4,291.8093339899275,292.3894292562152
47,5,291.2583268378969,291.9846978939402
47,6,290.9143465378213,291.4608822657368
47,7,291.22348621223915,292.00844629357266
47,8,291.0184330876908,291.527843907556
47,9,291.1927452554083,292.114200872726
47,10,291.92002151280235,292.40110326747947
47,11,291.8908919853669,292.40720154904415
47,12,291.51889708530456,292.2329659639395
47,13,291.89878256915506,292.3673692205295
47,14,291.44718451774224,292.2886206474386
47,15,290.6978273286692,291.31747208987474
47,16,290.4890666269897,290.74369517423156
47,17,291.8360384643646,292.4925342776052
47,18,291.5787558515662,292.25284355098154
47,19,291.6408043907879,292.34486213743713
47,20,290.66892087540174,291.48805509071633
47,21,291.8346637173698,292.4643685236515
47,22,291.82210637167316,292.46669506132866
47,23,290.43237099424726,290.5682790378477
47,24,291.7848341119301,292.44855433115106
47,25,291.769291286089,292.4152448315711
47,26,291.14509274731944,291.65491500241785
47,27,291.17381467043856,291.67921064626796
47,28,291.7911094433174,292.5225670211432
47,29,291.81843436459576,292.52783405282923
48,0,291.7734979488307,292.5418098151668
48,1,291.26938556843004,291.98746966713554
48,2,291.7042268463172,292.4640424645043
48,3,291.36143853418645,292.23738546841525
48,4,291.8093339899275,292.3894292562152
48,5,291.2583268378969,291.9846978939402
48,6,290.9143465378213,291.4608822657368
48,7,291.79158363077227,292.60202852384623
48,8,291.0184330876908,291.527843907556
48,9,291.1927452554083,292.114200872726
48,10,291.827901310471,292.62002428853793
48,11,291.8479988871068,292.58977220154804
48,12,291.51889708530456,292.2329659639395
48,13,291.89878256915506,292.3673692205295
48,14,291.75983130802746,292.5192358633974
48,15,290.6978273286692,291.31747208987474
48,16,290.4890666269897,290.74369517423156
48,17,291.8360384643646,292.4925342776052
48,18,291.8051914629751,292.64336916553276
48,19,291.6408043907879,292.34486213743713
48,20,290.66892087540174,291.48805509071633
48,21,291.8346637173698,292.4643685236515
48,22,291.82210637167316,292.46669506132866
48,23,290.43237099424726,290.5682790378477
48,24,291.8052907921803,292.60140201668315
48,25,291.769291286089,292.4152448315711
48,26,291.70850314766545,292.6087768512837
48,27,291.17381467043856,291.67921064626796
48,28,291.7842787030845,292.58153269520363
48,29,291.81843436459576,292.52783405282923
49,0,291.7734979488307,292.5418098151668
49,1,291.26938556843004,291.98746966713554
49,2,291.9678142837692,292.60310183401907
49,3,291.36143853418645,292.23738546841525
49,4,291.9131900180613,292.56420690328133
49,5,292.047934314574,292.6741443452733
49,6,291.9643422513364,292.5432749204
49,7,291.79158363077227,292.60202852384623
49,8,291.0184330876908,291.527843907556
49,9,291.1927452554083,292.114200872726
49,10,291.827901310471,292.62002428853793
49,11,292.142071226311,292.66899744388456
49,12,291.51889708530456,292.2329659639395
49,13,292.02426229901226,292.643833553194
49,14,292.1766519845677,292.73587761743056
49,15,290.6978273286692,291.31747208987474
49,16,292.2199452645999,292.6745569546692
49,17,291.8360384643646,292.4925342776052
49,18,292.1198887847951,292.65217048633644
49,19,291.6408043907879,292.34486213743713
49,20,290.66892087540174,291.48805509071633
49,21,292.16314607743703,292.70577722584727
49,22,292.20280174957014,292.8259941908264
49,23,290.43237099424726,290.5682790378477
49,24,292.2584705742677,292.7985418477073
49,25,292.2793757455673,292.8008685948967
49,26,292.28581339832374,292.78050690008973
49,27,292.17493876629027,292.79827804357126
49,28,291.7842787030845,292.58153269520363
49,29,291.81843436459576,292.52783405282923
