Iteration,Fitness
0,-1.6756764356182754
0,-1.6692205773207174
0,-1.6749625427184998
0,-1.6719722860317787
0,-1.6751424621811912
0,-0.12673692757655014
0,-1.6819795183899604
0,-1.6791270118014345
0,-1.6875777348880874
0,-1.6796756477126964
0,-1.6912443552740921
0,-1.6922147467249138
0,-1.6943172344315554
0,-1.6924681490979223
0,-1.6932107837079244
0,-1.6956304737046706
0,-1.1892738235050607e-08
0,-1.692235698060287
0,-1.6950372840263161
0,-1.6914674486151084
0,-1.6949950705337213
0,-1.700690350803524
0,-0.02528891645363962
0,-1.7015785944937836
0,-1.700711534909171
0,-1.702752057263667
0,-0.04304790304088292
0,-1.7042905077998602
0,-1.691825039073577
0,-1.7082456212670882
0,-1.708019789913902
0,-1.7074260016710396
0,-1.705742059031437
0,-0.0034493880722647366
0,-1.7083687208070923
0,-1.7069356873191088
0,-1.7052975282891722
0,-1.7078259198385601
0,-1.7078683810574202
0,-1.7044183903811532
0,-1.7078832762244578
0,-1.712303276508783
0,-1.7104029619817798
0,-1.7128464900067568
0,-1.7137300461191718
0,-1.707962843154037
0,-1.7110432131040194
0,-1.7150960591669238
0,-1.7160331439268155
0,-1.7094692292824212
1,-1.713311631773792
1,-1.71804212962103
1,-1.6749625427184998
1,-1.7175551706170715
1,-1.7196320219633616
1,-1.7158782058750481
1,-1.7259297736010772
1,-1.7242418891346438
1,-1.7250945199022258
1,-1.7278364406546043
1,-1.724033068329983
1,-1.7307964952670662
1,-1.7269224094855775
1,-1.728517517870006
1,-1.7330622860391909
1,-1.7316909208157252
1,-1.732273923093051
1,-1.7335326312206885
1,-1.7325060393628355
1,-1.7310041805826346
1,-1.7329432969750056
1,-1.7301262412758507
1,-1.7323861460105048
1,-1.7015785944937836
1,-1.7370260422240078
1,-1.7357162823694054
1,-1.7346312983639773
1,-1.739982803072382
1,-1.7382152921607659
1,-1.7379431505525722
1,-1.7393109953397303
1,-1.7425718408324489
1,-1.7431192660751509
1,-1.7428128443666346
1,-1.742609086765946
1,-1.7385724492674415
1,-1.741655807352893
1,-1.7438364827761585
1,-1.7479046501540152
1,-1.7480167493407683
1,-1.749052228659606
1,-1.7473674174022849
1,-1.7488396700364623
1,-1.7467406969635666
1,-1.748116202569023
1,-1.7490189581531754
1,-1.7487595888076277
1,-1.7150960591669238
1,-1.7160331439268155
1,-1.7512891438737221
2,-1.7514479126922664
2,-1.747891703553874
2,-1.6749625427184998
2,-1.7535358442410691
2,-1.7504068131740023
2,-1.7531974598232072
2,-1.7259297736010772
2,-1.7542663721071694
2,-1.7547617594069838
2,-1.7511875365090548
2,-1.7547454596624652
2,-1.7557462481650656
2,-1.7573369714596179
2,-1.7591543617266292
2,-1.7599274295192564
2,-1.7603844533765067
2,-1.7622749363509231
2,-1.7335326312206885
2,-1.761238959473832
2,-1.761862411944156
2,-1.7625756552214278
2,-1.7301262412758507
2,-1.7629208829963252
2,-1.7641525813204395
2,-1.7626161080071556
2,-1.7650526493367624
2,-1.7685107511591824
2,-1.7698012198475834
2,-1.7702470366959795
2,-1.7692777806201867
2,-1.7676584326065532
2,-1.772278321696302
2,-1.7734778231776107
2,-1.7721374267832009
2,-1.742609086765946
2,-1.7731026579399956
2,-1.7726690602349577
2,-1.7729343274691867
2,-1.7756262043949669
2,-1.775492157163045
2,-1.7765267835425167
2,-1.7765582196009588
2,-1.7748013090950607
2,-1.7725044345017005
2,-1.7760594997985355
2,-1.7749624850974457
2,-1.7777787199413053
2,-1.777637527542341
2,-1.7767449350097684
2,-1.7773933727636306
3,-1.7752435865606264
3,-1.778019903534971
3,-1.7770954758535153
3,-1.7794526025434507
3,-1.7792002138092124
3,-1.7775983814945362
3,-1.7784766504176666
3,-1.7812167943229977
3,-1.7811231821618327
3,-1.779456727048581
3,-1.7801333053553225
3,-1.781508083107155
3,-1.7820514395584168
3,-1.7814198562382775
3,-1.782027056927872
3,-1.7836093092939702
3,-1.785492042600775
3,-1.786920334383089
3,-1.7865691530182242
3,-1.7876614674367866
3,-1.7879188380976911
3,-1.7872423241975381
3,-1.7885176460699663
3,-1.7885930291314984
3,-1.786286171912264
3,-1.7889347626061352
3,-1.7888906786903396
3,-1.7886562228750187
3,-1.7894524381708719
3,-1.7692777806201867
3,-1.7676584326065532
3,-1.7900707460876906
3,-1.791038160227771
3,-1.7904982703275496
3,-1.7918984790926515
3,-1.79220984356901
3,-1.7934087503747111
3,-1.7938830149901974
3,-1.7938172678938331
3,-1.7932965160338532
3,-1.7930737843544589
3,-1.7931939992100707
3,-1.793971868388967
3,-1.7943905819727173
3,-1.7951098591433579
3,-1.7948614460617514
3,-1.7777787199413053
3,-1.7954929453038948
3,-1.7962019569052339
3,-1.794355385868309
4,-1.795843864425541
4,-1.7957640679552984
4,-1.7949024880677786
4,-1.7962655088433506
4,-1.796288947248164
4,-1.7965733062935652
4,-1.7970302969170202
4,-1.7973012412149543
4,-1.7986497115130162
4,-1.7992045989343337
4,-1.8001022056585008
4,-1.799841949282093
4,-1.800203697822113
4,-1.8002066530269891
4,-1.8000337486935654
4,-1.7836093092939702
4,-1.8000677254596757
4,-1.800275423950883
4,-1.8001123121605667
4,-1.8005784500028694
4,-1.8004994216620904
4,-1.800569827858665
4,-1.8001719561836724
4,-1.8007370440012993
4,-1.8006187638339335
4,-1.800559843027358
4,-1.8004265134336976
4,-1.8008919876915426
4,-1.8008751194321357
4,-1.8009609401218851
4,-1.8008208421680005
4,-1.8009313625207424
4,-1.8007694450454115
4,-1.8010254615016987
4,-1.8007313534771356
4,-1.800964406036906
4,-1.8011356318172664
4,-1.8011852405912785
4,-1.8011147719654501
4,-1.7932965160338532
4,-1.8011978498270864
4,-1.801066596649557
4,-1.8012274289954173
4,-1.8008718243439488
4,-1.8012129830271895
4,-1.8012722366620109
4,-1.8012801254140642
4,-1.8012691184030936
4,-1.8011464832315829
4,-1.8012771467673296
5,-1.801281947824152
5,-1.8012972771553408
5,-1.8011693517188698
5,-1.8012291361756771
5,-1.8013024081147306
5,-1.8012630906901004
5,-1.8012888973833916
5,-1.7973012412149543
5,-1.8011663995403904
5,-1.8012586571683844
5,-1.8012931976274915
5,-1.801193376461403
5,-1.8012949982317321
5,-1.8012456297532493
5,-1.8012412745384023
5,-1.8012859167024589
5,-1.8012792393179253
5,-1.8012212262703495
5,-1.8012448960591625
5,-1.8012141170179419
5,-1.8012655177145078
5,-1.8012104443635293
5,-1.8010304914141477
5,-1.8011942335542015
5,-1.8012670364247114
5,-1.8012091201363067
5,-1.801095926332907
5,-1.801275427060599
5,-1.801299636020528
5,-1.8012989173454284
5,-1.8012867696382264
5,-1.8012385007058695
5,-1.801207307072709
5,-1.8010254615016987
5,-1.801271509268875
5,-1.801084705775848
5,-1.801281129229411
5,-1.8011852405912785
5,-1.8012961444367066
5,-1.8010208622619697
5,-1.8012922602930788
5,-1.8012997838269937
5,-1.8012952092693493
5,-1.8012875259641512
5,-1.8013018868059336
5,-1.8012988905830274
5,-1.8012801254140642
5,-1.8012691184030936
5,-1.8011464832315829
5,-1.8012771467673296
6,-1.801289021803596
6,-1.8012972771553408
6,-1.8011981134272859
6,-1.8012671814626922
6,-1.8013024081147306
6,-1.8012630906901004
6,-1.8012888973833916
6,-1.7973012412149543
6,-1.8011663995403904
6,-1.8012586571683844
6,-1.8012931976274915
6,-1.8012433309950526
6,-1.8012949982317321
6,-1.8012770077732192
6,-1.8012412745384023
6,-1.8012859167024589
6,-1.8012984790590125
6,-1.8013030633168137
6,-1.8012531326989865
6,-1.8012869127943998
6,-1.8012865013183261
6,-1.8012161141516545
6,-1.801223217914865
6,-1.8012595552501307
6,-1.8012670364247114
6,-1.8012908738434625
6,-1.801095926332907
6,-1.801275427060599
6,-1.801299636020528
6,-1.801299148301141
6,-1.8012867696382264
6,-1.8012957688179827
6,-1.801207307072709
6,-1.8010254615016987
6,-1.801271509268875
6,-1.8012939902347922
6,-1.8013033927981312
6,-1.8012909926655563
6,-1.8013031557297325
6,-1.8012537152197252
6,-1.801298134949774
6,-1.8013026873268148
6,-1.8012952092693493
6,-1.8012875259641512
6,-1.8013018868059336
6,-1.8012988905830274
6,-1.8013023579249796
6,-1.8012691184030936
6,-1.801257260086484
6,-1.8012771467673296
7,-1.801289021803596
7,-1.8012972771553408
7,-1.8012491124804333
7,-1.8012671814626922
7,-1.8013024081147306
7,-1.8012630906901004
7,-1.8012888973833916
7,-1.8012210016321966
7,-1.801292093882171
7,-1.8012974444855017
7,-1.8012931976274915
7,-1.8012433309950526
7,-1.8012949982317321
7,-1.8012770077732192
7,-1.8012412745384023
7,-1.8012859167024589
7,-1.8012984790590125
7,-1.8013030633168137
7,-1.8012531326989865
7,-1.8012869127943998
7,-1.8012865013183261
7,-1.8012161141516545
7,-1.801223217914865
7,-1.8012719799384498
7,-1.8012670364247114
7,-1.8012908738434625
7,-1.8012994861030762
7,-1.801275427060599
7,-1.801299636020528
7,-1.801299148301141
7,-1.8012867696382264
7,-1.8012957688179827
7,-1.801298207985905
7,-1.8012857476982238
7,-1.801281387035131
7,-1.8012939902347922
7,-1.8013033927981312
7,-1.8012909926655563
7,-1.8013031557297325
7,-1.8012537152197252
7,-1.801298134949774
7,-1.8013026873268148
7,-1.8012952092693493
7,-1.8013015289513175
7,-1.8013018868059336
7,-1.8012988905830274
7,-1.8013023579249796
7,-1.8012691184030936
7,-1.801257260086484
7,-1.8012905010167755
8,-1.801301691975996
8,-1.8012972771553408
8,-1.8012619222929258
8,-1.8012671814626922
8,-1.8013024443542487
8,-1.8012630906901004
8,-1.8012888973833916
8,-1.8013032295699702
8,-1.801292093882171
8,-1.8012974444855017
8,-1.8012931976274915
8,-1.8012725648531043
8,-1.8012949982317321
8,-1.8012770077732192
8,-1.801267319785108
8,-1.8012859167024589
8,-1.8012984790590125
8,-1.8013030633168137
8,-1.8012531326989865
8,-1.8012869127943998
8,-1.8012865013183261
8,-1.801227668813374
8,-1.801262224199431
8,-1.8012719799384498
8,-1.8012945510484073
8,-1.8012908738434625
8,-1.8012994861030762
8,-1.801275427060599
8,-1.801299636020528
8,-1.801299148301141
8,-1.801296558557921
8,-1.8013005514554903
8,-1.801298207985905
8,-1.8013009530321487
8,-1.801281387035131
8,-1.801300387900028
8,-1.8013033927981312
8,-1.8012909926655563
8,-1.8013031557297325
8,-1.801266752405306
8,-1.801301734579456
8,-1.8013026873268148
8,-1.8012952092693493
8,-1.8013015289513175
8,-1.8013018868059336
8,-1.8012988905830274
8,-1.8013023579249796
8,-1.8012691184030936
8,-1.801262113644706
8,-1.8012905010167755
9,-1.801301691975996
9,-1.8012972771553408
9,-1.8012619222929258
9,-1.8012975940088418
9,-1.8013024443542487
9,-1.8012630906901004
9,-1.8012945327537437
9,-1.8013032295699702
9,-1.801292093882171
9,-1.8012995738813569
9,-1.8012931976274915
9,-1.8012789696634455
9,-1.8012949982317321
9,-1.8012770077732192
9,-1.801267319785108
9,-1.8012859167024589
9,-1.8012984790590125
9,-1.8013030633168137
9,-1.8012531326989865
9,-1.8012869127943998
9,-1.8012865013183261
9,-1.8012756510984929
9,-1.801263457254176
9,-1.8012719799384498
9,-1.8012945510484073
9,-1.8012908738434625
9,-1.8012994861030762
9,-1.801275427060599
9,-1.801299636020528
9,-1.801299148301141
9,-1.801296558557921
9,-1.8013005514554903
9,-1.801298207985905
9,-1.8013009530321487
9,-1.8012916722364403
9,-1.801300387900028
9,-1.8013033927981312
9,-1.8012909926655563
9,-1.8013031557297325
9,-1.801266752405306
9,-1.801301734579456
9,-1.8013026873268148
9,-1.8012952092693493
9,-1.8013015289513175
9,-1.8013018868059336
9,-1.8012988905830274
9,-1.8013023579249796
9,-1.801285845503429
9,-1.801262113644706
9,-1.8012905010167755
10,-1.801301691975996
10,-1.8012972771553408
10,-1.8012619222929258
10,-1.8012975940088418
10,-1.8013024443542487
10,-1.8012630906901004
10,-1.8013013627177827
10,-1.8013032295699702
10,-1.801292093882171
10,-1.8012995738813569
10,-1.8012931976274915
10,-1.8012789696634455
10,-1.8012949982317321
10,-1.8012770077732192
10,-1.8012841143498206
10,-1.8012961337775595
10,-1.8012984790590125
10,-1.8013030633168137
10,-1.8012531326989865
10,-1.8012896636553735
10,-1.8012865013183261
10,-1.8012756510984929
10,-1.801263457254176
10,-1.8012719799384498
10,-1.8012945510484073
10,-1.8012908738434625
10,-1.8012994861030762
10,-1.8012967381733782
10,-1.801299636020528
10,-1.801299148301141
10,-1.801296558557921
10,-1.8013005514554903
10,-1.801298207985905
10,-1.8013009530321487
10,-1.8013009556076995
10,-1.801300387900028
10,-1.8013033927981312
10,-1.8012909926655563
10,-1.8013031557297325
10,-1.801266752405306
10,-1.801301734579456
10,-1.8013026873268148
10,-1.8012952092693493
10,-1.8013015289513175
10,-1.8013018868059336
10,-1.8012988905830274
10,-1.8013023579249796
10,-1.801285845503429
10,-1.8012754842654184
10,-1.8012905010167755
11,-1.801301691975996
11,-1.8012972771553408
11,-1.8013005015320598
11,-1.8012975940088418
11,-1.8013024443542487
11,-1.8012630906901004
11,-1.8013013627177827
11,-1.8013032295699702
11,-1.8012947179610848
11,-1.8012995738813569
11,-1.8012931976274915
11,-1.8012809437258666
11,-1.8012949982317321
11,-1.8012770077732192
11,-1.8012841143498206
11,-1.8012961337775595
11,-1.8012984790590125
11,-1.8013030633168137
11,-1.8012662410878595
11,-1.8012896636553735
11,-1.8012865013183261
11,-1.8012756510984929
11,-1.801292523710487
11,-1.8012980043258886
11,-1.8012945510484073
11,-1.8012908738434625
11,-1.8012994861030762
11,-1.8012967381733782
11,-1.801299636020528
11,-1.801299148301141
11,-1.801296558557921
11,-1.8013005514554903
11,-1.801298207985905
11,-1.8013009530321487
11,-1.8013009556076995
11,-1.8013024918872023
11,-1.8013033927981312
11,-1.8012909926655563
11,-1.8013031557297325
11,-1.801266752405306
11,-1.801301734579456
11,-1.8013026873268148
11,-1.8012952092693493
11,-1.8013015289513175
11,-1.8013018868059336
11,-1.8012988905830274
11,-1.8013023579249796
11,-1.801285845503429
11,-1.8012870020960206
11,-1.8013006268531009
12,-1.801301691975996
12,-1.8012972771553408
12,-1.8013005015320598
12,-1.8012975940088418
12,-1.8013024443542487
12,-1.8012999558332745
12,-1.8013013627177827
12,-1.8013032295699702
12,-1.8012947179610848
12,-1.8012995738813569
12,-1.8012931976274915
12,-1.8012941459978147
12,-1.8012949982317321
12,-1.8012770077732192
12,-1.8012841143498206
12,-1.8012961337775595
12,-1.8012984790590125
12,-1.8013030633168137
12,-1.8012662410878595
12,-1.8012896636553735
12,-1.8012865013183261
12,-1.801281226005381
12,-1.801292523710487
12,-1.8012980043258886
12,-1.8012945510484073
12,-1.8012908738434625
12,-1.8012994861030762
12,-1.801302757085531
12,-1.801299636020528
12,-1.801299148301141
12,-1.801296558557921
12,-1.8013005514554903
12,-1.801298207985905
12,-1.8013009530321487
12,-1.8013009556076995
12,-1.8013024918872023
12,-1.8013033927981312
12,-1.8012909926655563
12,-1.8013031557297325
12,-1.801266752405306
12,-1.801301734579456
12,-1.8013026873268148
12,-1.8012952092693493
12,-1.8013015289513175
12,-1.8013018868059336
12,-1.8012988905830274
12,-1.8013023579249796
12,-1.801285845503429
12,-1.801300890010466
12,-1.8013006268531009
13,-1.801301691975996
13,-1.8012972771553408
13,-1.8013005015320598
13,-1.8012975940088418
13,-1.8013024443542487
13,-1.8012999558332745
13,-1.8013013627177827
13,-1.8013032295699702
13,-1.8012947179610848
13,-1.8012995738813569
13,-1.8012931976274915
13,-1.8013025751124698
13,-1.8012949982317321
13,-1.8013005646599396
13,-1.8012841143498206
13,-1.8012961337775595
13,-1.8012984790590125
13,-1.8013030633168137
13,-1.8013026338207574
13,-1.8012896636553735
13,-1.8012991095813367
13,-1.801281226005381
13,-1.8012959228149001
13,-1.801302671186996
13,-1.8012945510484073
13,-1.8012908738434625
13,-1.8012994861030762
13,-1.801302757085531
13,-1.801299636020528
13,-1.801302674062832
13,-1.801296558557921
13,-1.8013005514554903
13,-1.801298207985905
13,-1.8013009530321487
13,-1.8013009556076995
13,-1.8013024918872023
13,-1.8013033927981312
13,-1.8013010768026172
13,-1.8013031557297325
13,-1.801266752405306
13,-1.801301734579456
13,-1.8013026873268148
13,-1.8012952092693493
13,-1.8013015289513175
13,-1.8013018868059336
13,-1.8012988905830274
13,-1.8013023579249796
13,-1.801285845503429
13,-1.801300890010466
13,-1.8013006268531009
14,-1.8013020425089876
14,-1.8012972771553408
14,-1.8013005015320598
14,-1.8012975940088418
14,-1.8013024443542487
14,-1.8012999558332745
14,-1.8013013627177827
14,-1.8013032295699702
14,-1.8013031648223068
14,-1.8012995738813569
14,-1.8012931976274915
14,-1.8013025751124698
14,-1.8012949982317321
14,-1.801302000870245
14,-1.8012841143498206
14,-1.8012961337775595
14,-1.8012984790590125
14,-1.8013030633168137
14,-1.8013026338207574
14,-1.8012896636553735
14,-1.8012991095813367
14,-1.8012934774461655
14,-1.8012959228149001
14,-1.801302671186996
14,-1.8012945510484073
14,-1.8012908738434625
14,-1.8013020079577153
14,-1.801302757085531
14,-1.801299636020528
14,-1.801302674062832
14,-1.801296558557921
14,-1.8013005514554903
14,-1.801298207985905
14,-1.8013009530321487
14,-1.8013009556076995
14,-1.8013024918872023
14,-1.8013033927981312
14,-1.8013010768026172
14,-1.8013031557297325
14,-1.801266752405306
14,-1.801301734579456
14,-1.8013026873268148
14,-1.8012952092693493
14,-1.8013015289513175
14,-1.8013018868059336
14,-1.8012988905830274
14,-1.8013023579249796
14,-1.801289438585802
14,-1.801300890010466
14,-1.8013006268531009
15,-1.8013020425089876
15,-1.8013018859238579
15,-1.8013005015320598
15,-1.8012975940088418
15,-1.8013024443542487
15,-1.8012999558332745
15,-1.8013013627177827
15,-1.8013032295699702
15,-1.8013031648223068
15,-1.8012995738813569
15,-1.8012931976274915
15,-1.8013025751124698
15,-1.8012949982317321
15,-1.801302000870245
15,-1.8012950137129995
15,-1.8012961337775595
15,-1.8012984790590125
15,-1.8013030633168137
15,-1.8013026338207574
15,-1.8012896636553735
15,-1.8012991095813367
15,-1.8012934774461655
15,-1.8012959228149001
15,-1.801302671186996
15,-1.8012945510484073
15,-1.8013006807372212
15,-1.8013020079577153
15,-1.801302757085531
15,-1.801299636020528
15,-1.801302674062832
15,-1.801296558557921
15,-1.8013005514554903
15,-1.801298207985905
15,-1.8013009530321487
15,-1.8013009556076995
15,-1.8013024918872023
15,-1.8013033927981312
15,-1.8013010768026172
15,-1.8013031557297325
15,-1.801266752405306
15,-1.801301734579456
15,-1.8013026873268148
15,-1.8012952092693493
15,-1.8013015289513175
15,-1.8013018868059336
15,-1.8012988905830274
15,-1.8013023579249796
15,-1.801289438585802
15,-1.801300890010466
15,-1.8013006268531009
16,-1.8013020425089876
16,-1.8013018859238579
16,-1.8013005015320598
16,-1.8012975940088418
16,-1.8013024443542487
16,-1.8012999558332745
16,-1.8013013627177827
16,-1.8013032295699702
16,-1.8013031648223068
16,-1.8012995738813569
16,-1.8012931976274915
16,-1.8013025751124698
16,-1.8012949982317321
16,-1.801302000870245
16,-1.8013021722885045
16,-1.8012961337775595
16,-1.8012984790590125
16,-1.8013030633168137
16,-1.8013026338207574
16,-1.8012896636553735
16,-1.8012991095813367
16,-1.8013033503863753
16,-1.8012959228149001
16,-1.801302671186996
16,-1.8012945510484073
16,-1.8013006807372212
16,-1.8013020079577153
16,-1.801302757085531
16,-1.801299636020528
16,-1.801302674062832
16,-1.801296558557921
16,-1.8013005514554903
16,-1.801298207985905
16,-1.8013009530321487
16,-1.8013009556076995
16,-1.8013024918872023
16,-1.8013033927981312
16,-1.8013010768026172
16,-1.8013031557297325
16,-1.801266752405306
16,-1.801301734579456
16,-1.8013026873268148
16,-1.8012952092693493
16,-1.8013015289513175
16,-1.8013018868059336
16,-1.8012988905830274
16,-1.8013023579249796
16,-1.801289438585802
16,-1.801300890010466
16,-1.8013006268531009
17,-1.8013020425089876
17,-1.8013018859238579
17,-1.8013005015320598
17,-1.8012975940088418
17,-1.8013024443542487
17,-1.8012999558332745
17,-1.8013013627177827
17,-1.8013032295699702
17,-1.8013031648223068
17,-1.8012995738813569
17,-1.8012931976274915
17,-1.8013025751124698
17,-1.8012949982317321
17,-1.801302000870245
17,-1.8013021722885045
17,-1.8013033715085067
17,-1.8012984790590125
17,-1.8013030633168137
17,-1.8013026338207574
17,-1.8012896636553735
17,-1.8012991095813367
17,-1.8013033503863753
17,-1.8012959228149001
17,-1.801302671186996
17,-1.8012945510484073
17,-1.801303135531559
17,-1.8013020079577153
17,-1.801302757085531
17,-1.801299636020528
17,-1.801302674062832
17,-1.801296558557921
17,-1.8013005514554903
17,-1.801298207985905
17,-1.8013009530321487
17,-1.8013009556076995
17,-1.8013024918872023
17,-1.8013033927981312
17,-1.8013010768026172
17,-1.8013031557297325
17,-1.8012774261513271
17,-1.8013027099478776
17,-1.8013026873268148
17,-1.8012952092693493
17,-1.8013015289513175
17,-1.8013018868059336
17,-1.8012988905830274
17,-1.8013023579249796
17,-1.801298855356165
17,-1.801300890010466
17,-1.8013006268531009
18,-1.8013020425089876
18,-1.8013018859238579
18,-1.8013005015320598
18,-1.8012975940088418
18,-1.8013024443542487
18,-1.8012999558332745
18,-1.8013013627177827
18,-1.8013032295699702
18,-1.8013031648223068
18,-1.8012995738813569
18,-1.8012931976274915
18,-1.8013025751124698
18,-1.8012949982317321
18,-1.801302000870245
18,-1.8013021722885045
18,-1.8013033715085067
18,-1.8012984790590125
18,-1.8013030633168137
18,-1.8013026338207574
18,-1.8012896636553735
18,-1.8012991095813367
18,-1.8013033503863753
18,-1.8012959228149001
18,-1.801302671186996
18,-1.8012945510484073
18,-1.801303135531559
18,-1.8013020079577153
18,-1.801302757085531
18,-1.801299636020528
18,-1.801302674062832
18,-1.801296558557921
18,-1.8013005514554903
18,-1.801298207985905
18,-1.8013009530321487
18,-1.8013009556076995
18,-1.8013024918872023
18,-1.8013033927981312
18,-1.8013010768026172
18,-1.8013031557297325
18,-1.8012774261513271
18,-1.8013027099478776
18,-1.8013026873268148
18,-1.8012952092693493
18,-1.8013015289513175
18,-1.8013018868059336
18,-1.8012988905830274
18,-1.8013023579249796
18,-1.801298855356165
18,-1.801300890010466
18,-1.8013006268531009
19,-1.8013020425089876
19,-1.8013018859238579
19,-1.8013005015320598
19,-1.8012975940088418
19,-1.8013024443542487
19,-1.8012999558332745
19,-1.8013013627177827
19,-1.8013032295699702
19,-1.8013031648223068
19,-1.8012995738813569
19,-1.8012931976274915
19,-1.8013025751124698
19,-1.8012949982317321
19,-1.801302000870245
19,-1.8013021722885045
19,-1.8013033715085067
19,-1.8012984790590125
19,-1.8013030633168137
19,-1.8013026338207574
19,-1.801301511463056
19,-1.8013010582849542
19,-1.8013033503863753
19,-1.8013008062642037
19,-1.801302671186996
19,-1.8012945510484073
19,-1.801303135531559
19,-1.8013020079577153
19,-1.801302757085531
19,-1.801299636020528
19,-1.801302674062832
19,-1.801296558557921
19,-1.8013005514554903
19,-1.801298207985905
19,-1.8013009530321487
19,-1.8013009556076995
19,-1.8013024918872023
19,-1.8013033927981312
19,-1.8013010768026172
19,-1.8013031557297325
19,-1.8012909457482387
19,-1.8013027099478776
19,-1.8013026873268148
19,-1.8012952092693493
19,-1.8013015289513175
19,-1.8013018868059336
19,-1.8012988905830274
19,-1.8013023579249796
19,-1.801298855356165
19,-1.801300890010466
19,-1.8013006268531009
20,-1.8013020425089876
20,-1.8013018859238579
20,-1.8013005015320598
20,-1.8012975940088418
20,-1.8013024443542487
20,-1.8012999558332745
20,-1.8013013627177827
20,-1.8013032295699702
20,-1.8013031648223068
20,-1.8012995738813569
20,-1.8012931976274915
20,-1.8013025751124698
20,-1.8012949982317321
20,-1.801302000870245
20,-1.8013021722885045
20,-1.8013033715085067
20,-1.8012984790590125
20,-1.8013030633168137
20,-1.8013026338207574
20,-1.801301511463056
20,-1.8013010582849542
20,-1.8013033503863753
20,-1.8013008062642037
20,-1.801302671186996
20,-1.8012945510484073
20,-1.801303135531559
20,-1.8013020079577153
20,-1.801302757085531
20,-1.801299636020528
20,-1.801302674062832
20,-1.801296558557921
20,-1.8013005514554903
20,-1.801298207985905
20,-1.8013009530321487
20,-1.801302149821304
20,-1.8013024918872023
20,-1.8013033927981312
20,-1.8013010768026172
20,-1.8013031557297325
20,-1.801292035004353
20,-1.8013027099478776
20,-1.8013026873268148
20,-1.8012952092693493
20,-1.8013015289513175
20,-1.8013018868059336
20,-1.8012988905830274
20,-1.8013023579249796
20,-1.801298855356165
20,-1.801300890010466
20,-1.8013006268531009
21,-1.8013020425089876
21,-1.8013018859238579
21,-1.8013005015320598
21,-1.8012975940088418
21,-1.8013024443542487
21,-1.8012999558332745
21,-1.8013013627177827
21,-1.8013032295699702
21,-1.8013031648223068
21,-1.8012995738813569
21,-1.8012931976274915
21,-1.8013025751124698
21,-1.8012949982317321
21,-1.801302000870245
21,-1.8013021722885045
21,-1.8013033715085067
21,-1.8012984790590125
21,-1.8013030633168137
21,-1.8013026338207574
21,-1.801301511463056
21,-1.8013010582849542
21,-1.8013033503863753
21,-1.8013008062642037
21,-1.801302671186996
21,-1.8012945510484073
21,-1.801303135531559
21,-1.8013020079577153
21,-1.801302757085531
21,-1.8013032336048882
21,-1.801302674062832
21,-1.801296558557921
21,-1.8013005514554903
21,-1.801298207985905
21,-1.8013009530321487
21,-1.801302149821304
21,-1.8013024918872023
21,-1.8013033927981312
21,-1.8013010768026172
21,-1.8013031557297325
21,-1.801292035004353
21,-1.8013027099478776
21,-1.8013026873268148
21,-1.8012984616240089
21,-1.8013015289513175
21,-1.8013018868059336
21,-1.8013004998367952
21,-1.8013023579249796
21,-1.801298855356165
21,-1.801300890010466
21,-1.8013006268531009
22,-1.8013020425089876
22,-1.8013018859238579
22,-1.8013005015320598
22,-1.8012975940088418
22,-1.8013024443542487
22,-1.8012999558332745
22,-1.8013013627177827
22,-1.8013032295699702
22,-1.8013031648223068
22,-1.8012995738813569
22,-1.8012931976274915
22,-1.8013025751124698
22,-1.8012949982317321
22,-1.801302000870245
22,-1.8013021722885045
22,-1.8013033715085067
22,-1.8012984790590125
22,-1.8013030633168137
22,-1.8013026338207574
22,-1.8013016564091164
22,-1.8013010582849542
22,-1.8013033503863753
22,-1.8013008062642037
22,-1.801302671186996
22,-1.8012945510484073
22,-1.801303135531559
22,-1.8013020079577153
22,-1.801302757085531
22,-1.8013032336048882
22,-1.801302674062832
22,-1.801296558557921
22,-1.8013005514554903
22,-1.801298207985905
22,-1.8013009530321487
22,-1.801302149821304
22,-1.8013024918872023
22,-1.8013033927981312
22,-1.8013010768026172
22,-1.8013031557297325
22,-1.801292035004353
22,-1.8013027099478776
22,-1.8013026873268148
22,-1.8012984616240089
22,-1.8013015289513175
22,-1.8013018868059336
22,-1.8013004998367952
22,-1.8013023579249796
22,-1.801298855356165
22,-1.8013015264263124
22,-1.8013006268531009
23,-1.8013020425089876
23,-1.8013018859238579
23,-1.8013005015320598
23,-1.8012975940088418
23,-1.8013024443542487
23,-1.8012999558332745
23,-1.8013013627177827
23,-1.8013032295699702
23,-1.8013031648223068
23,-1.8012995738813569
23,-1.8012931976274915
23,-1.8013025751124698
23,-1.8012949982317321
23,-1.801302000870245
23,-1.8013021722885045
23,-1.8013033715085067
23,-1.8012989364039704
23,-1.8013030633168137
23,-1.8013026338207574
23,-1.8013016564091164
23,-1.8013010582849542
23,-1.8013033503863753
23,-1.8013008062642037
23,-1.801302671186996
23,-1.8012945510484073
23,-1.801303135531559
23,-1.8013020079577153
23,-1.801302757085531
23,-1.8013032336048882
23,-1.801302674062832
23,-1.801296558557921
23,-1.8013005514554903
23,-1.801298207985905
23,-1.8013009530321487
23,-1.801302149821304
23,-1.8013024918872023
23,-1.8013033927981312
23,-1.8013010768026172
23,-1.8013031557297325
23,-1.8012922965893337
23,-1.8013027099478776
23,-1.8013026873268148
23,-1.8012984616240089
23,-1.8013015289513175
23,-1.8013018868059336
23,-1.8013004998367952
23,-1.8013023579249796
23,-1.801298855356165
23,-1.8013015264263124
23,-1.8013006268531009
24,-1.8013033581912334
24,-1.8013018859238579
24,-1.8013005015320598
24,-1.801302325385327
24,-1.8013024443542487
24,-1.8012999558332745
24,-1.8013013627177827
24,-1.8013032295699702
24,-1.8013031648223068
24,-1.8012995738813569
24,-1.8012931976274915
24,-1.8013025751124698
24,-1.8012949982317321
24,-1.801302000870245
24,-1.8013021722885045
24,-1.8013033715085067
24,-1.8012989364039704
24,-1.8013030633168137
24,-1.8013026338207574
24,-1.8013016564091164
24,-1.8013010582849542
24,-1.8013033503863753
24,-1.8013008062642037
24,-1.801302671186996
24,-1.8012945510484073
24,-1.8013033018464968
24,-1.8013020079577153
24,-1.801302757085531
24,-1.8013032336048882
24,-1.801302674062832
24,-1.8012999183926655
24,-1.8013005514554903
24,-1.801298207985905
24,-1.8013009530321487
24,-1.801302149821304
24,-1.8013024918872023
24,-1.8013033927981312
24,-1.8013010768026172
24,-1.8013031557297325
24,-1.8012922965893337
24,-1.8013027099478776
24,-1.8013026873268148
24,-1.8012984616240089
24,-1.8013015289513175
24,-1.8013018868059336
24,-1.8013004998367952
24,-1.8013023579249796
24,-1.801298855356165
24,-1.8013015264263124
24,-1.8013006268531009
25,-1.8013033581912334
25,-1.8013018859238579
25,-1.8013005015320598
25,-1.801302325385327
25,-1.8013024443542487
25,-1.8012999558332745
25,-1.8013013627177827
25,-1.8013032295699702
25,-1.8013031648223068
25,-1.8012995738813569
25,-1.8012931976274915
25,-1.8013025751124698
25,-1.8012949982317321
25,-1.801302000870245
25,-1.8013021722885045
25,-1.8013033715085067
25,-1.8012989364039704
25,-1.8013030633168137
25,-1.8013026338207574
25,-1.8013016564091164
25,-1.8013010582849542
25,-1.8013033503863753
25,-1.8013008062642037
25,-1.801302671186996
25,-1.8012967540742078
25,-1.8013033018464968
25,-1.8013020079577153
25,-1.801302757085531
25,-1.8013032336048882
25,-1.801302674062832
25,-1.8012999183926655
25,-1.8013005514554903
25,-1.801298207985905
25,-1.8013009530321487
25,-1.801302149821304
25,-1.8013024918872023
25,-1.8013033927981312
25,-1.8013010768026172
25,-1.8013031557297325
25,-1.8012922965893337
25,-1.8013027099478776
25,-1.8013026873268148
25,-1.8012984616240089
25,-1.8013015289513175
25,-1.8013018868059336
25,-1.8013004998367952
25,-1.8013023579249796
25,-1.801298855356165
25,-1.8013015264263124
25,-1.8013006268531009
26,-1.8013033581912334
26,-1.8013018859238579
26,-1.8013005015320598
26,-1.801302325385327
26,-1.8013024443542487
26,-1.8012999558332745
26,-1.8013013627177827
26,-1.8013032295699702
26,-1.8013031648223068
26,-1.8012995738813569
26,-1.8012931976274915
26,-1.8013025751124698
26,-1.8012949982317321
26,-1.801302000870245
26,-1.8013021722885045
26,-1.8013033715085067
26,-1.8012989364039704
26,-1.8013030633168137
26,-1.8013026338207574
26,-1.8013016564091164
26,-1.8013010582849542
26,-1.8013033503863753
26,-1.8013008062642037
26,-1.801302671186996
26,-1.8012967540742078
26,-1.8013033018464968
26,-1.8013020079577153
26,-1.801302757085531
26,-1.8013032336048882
26,-1.801302674062832
26,-1.8012999183926655
26,-1.8013005514554903
26,-1.801298207985905
26,-1.8013009530321487
26,-1.801302149821304
26,-1.8013024918872023
26,-1.8013033927981312
26,-1.8013010768026172
26,-1.8013031557297325
26,-1.8012922965893337
26,-1.8013027099478776
26,-1.8013026873268148
26,-1.8012984616240089
26,-1.8013015289513175
26,-1.8013018868059336
26,-1.8013004998367952
26,-1.8013023579249796
26,-1.801298855356165
26,-1.8013024381847407
26,-1.8013006268531009
27,-1.8013033581912334
27,-1.8013018859238579
27,-1.801301886853899
27,-1.801302325385327
27,-1.8013024443542487
27,-1.8012999558332745
27,-1.8013013627177827
27,-1.8013032295699702
27,-1.8013031648223068
27,-1.8012995738813569
27,-1.8012931976274915
27,-1.8013025751124698
27,-1.8012949982317321
27,-1.801302000870245
27,-1.8013021722885045
27,-1.8013033715085067
27,-1.8012989364039704
27,-1.8013030633168137
27,-1.8013026338207574
27,-1.8013016564091164
27,-1.8013010582849542
27,-1.8013033503863753
27,-1.8013008062642037
27,-1.801302671186996
27,-1.8012967540742078
27,-1.8013033018464968
27,-1.8013020079577153
27,-1.801302757085531
27,-1.8013032336048882
27,-1.801302674062832
27,-1.8012999183926655
27,-1.8013005514554903
27,-1.801298207985905
27,-1.8013009530321487
27,-1.801302149821304
27,-1.8013024918872023
27,-1.8013033927981312
27,-1.8013010768026172
27,-1.8013031557297325
27,-1.8012922965893337
27,-1.8013027099478776
27,-1.8013026873268148
27,-1.8013022180556169
27,-1.8013015289513175
27,-1.8013018868059336
27,-1.8013010384608301
27,-1.8013023579249796
27,-1.801298855356165
27,-1.8013024381847407
27,-1.8013006268531009
28,-1.8013033581912334
28,-1.8013018859238579
28,-1.801301886853899
28,-1.801302325385327
28,-1.8013024443542487
28,-1.8012999558332745
28,-1.8013013627177827
28,-1.8013032295699702
28,-1.8013031648223068
28,-1.8012995738813569
28,-1.8012934598267567
28,-1.8013025751124698
28,-1.8012949982317321
28,-1.801302000870245
28,-1.8013021722885045
28,-1.8013033715085067
28,-1.8012989364039704
28,-1.8013030633168137
28,-1.8013026338207574
28,-1.8013016564091164
28,-1.8013010582849542
28,-1.8013033503863753
28,-1.8013008062642037
28,-1.801302671186996
28,-1.8012967540742078
28,-1.8013033018464968
28,-1.8013020079577153
28,-1.801302757085531
28,-1.8013032336048882
28,-1.8013027282651506
28,-1.8012999183926655
28,-1.8013005514554903
28,-1.8012991389736488
28,-1.8013009530321487
28,-1.801302149821304
28,-1.8013024918872023
28,-1.8013033927981312
28,-1.8013010768026172
28,-1.8013031557297325
28,-1.8012922965893337
28,-1.8013027099478776
28,-1.8013026873268148
28,-1.8013022180556169
28,-1.8013015289513175
28,-1.8013018868059336
28,-1.8013010384608301
28,-1.8013023579249796
28,-1.8013001547751648
28,-1.8013024381847407
28,-1.8013006268531009
29,-1.8013033581912334
29,-1.8013018859238579
29,-1.801301886853899
29,-1.801302325385327
29,-1.8013024443542487
29,-1.8012999558332745
29,-1.8013013627177827
29,-1.8013032295699702
29,-1.8013031648223068
29,-1.8012995738813569
29,-1.8012934598267567
29,-1.8013025751124698
29,-1.8012949982317321
29,-1.801302000870245
29,-1.8013021722885045
29,-1.8013033715085067
29,-1.8012989364039704
29,-1.8013030633168137
29,-1.8013032177195099
29,-1.8013016564091164
29,-1.8013010582849542
29,-1.8013033503863753
29,-1.8013008062642037
29,-1.801302671186996
29,-1.8012967540742078
29,-1.8013033018464968
29,-1.8013020079577153
29,-1.801302757085531
29,-1.8013032336048882
29,-1.8013027282651506
29,-1.8012999183926655
29,-1.8013005514554903
29,-1.8012991389736488
29,-1.8013017784252496
29,-1.801302149821304
29,-1.8013024918872023
29,-1.8013033927981312
29,-1.8013010768026172
29,-1.8013031557297325
29,-1.8012922965893337
29,-1.8013027099478776
29,-1.8013026873268148
29,-1.8013022180556169
29,-1.8013015289513175
29,-1.8013018868059336
29,-1.8013010384608301
29,-1.8013023579249796
29,-1.8013001547751648
29,-1.8013024381847407
29,-1.8013006268531009
30,-1.8013033581912334
30,-1.8013018859238579
30,-1.801301886853899
30,-1.801302325385327
30,-1.8013024443542487
30,-1.8012999558332745
30,-1.8013013627177827
30,-1.8013032295699702
30,-1.8013031648223068
30,-1.8012995738813569
30,-1.8012934598267567
30,-1.8013025751124698
30,-1.8012949982317321
30,-1.801302000870245
30,-1.8013021722885045
30,-1.8013033715085067
30,-1.8012989364039704
30,-1.8013030633168137
30,-1.8013032177195099
30,-1.8013016564091164
30,-1.8013010582849542
30,-1.8013033503863753
30,-1.8013008062642037
30,-1.801302671186996
30,-1.8012967540742078
30,-1.8013033018464968
30,-1.8013020079577153
30,-1.801302757085531
30,-1.8013032336048882
30,-1.8013027282651506
30,-1.8013009118604206
30,-1.8013005514554903
30,-1.8012991389736488
30,-1.8013017784252496
30,-1.801302149821304
30,-1.8013033067075088
30,-1.8013033927981312
30,-1.8013010768026172
30,-1.8013031557297325
30,-1.8012922965893337
30,-1.8013027099478776
30,-1.8013026873268148
30,-1.8013022180556169
30,-1.8013015289513175
30,-1.8013018868059336
30,-1.8013027305671137
30,-1.8013023579249796
30,-1.8013001547751648
30,-1.8013024381847407
30,-1.8013006268531009
31,-1.8013033581912334
31,-1.8013018859238579
31,-1.801301886853899
31,-1.801302325385327
31,-1.8013024443542487
31,-1.8012999558332745
31,-1.8013013627177827
31,-1.8013032295699702
31,-1.8013031648223068
31,-1.8012995738813569
31,-1.8012934598267567
31,-1.8013025751124698
31,-1.8012949982317321
31,-1.801302000870245
31,-1.8013021722885045
31,-1.8013033715085067
31,-1.8012989364039704
31,-1.8013030633168137
31,-1.8013032177195099
31,-1.8013016564091164
31,-1.8013015451692742
31,-1.8013033503863753
31,-1.8013008062642037
31,-1.801302671186996
31,-1.8012967540742078
31,-1.8013033018464968
31,-1.8013020079577153
31,-1.801302757085531
31,-1.8013032336048882
31,-1.8013027282651506
31,-1.8013009118604206
31,-1.8013005514554903
31,-1.8013014703076866
31,-1.8013017784252496
31,-1.801302149821304
31,-1.8013033067075088
31,-1.8013033927981312
31,-1.8013010768026172
31,-1.8013031557297325
31,-1.8012922965893337
31,-1.8013027099478776
31,-1.8013026873268148
31,-1.8013022180556169
31,-1.8013015289513175
31,-1.8013018868059336
31,-1.8013027305671137
31,-1.8013023579249796
31,-1.8013001547751648
31,-1.8013024381847407
31,-1.8013006268531009
32,-1.8013033581912334
32,-1.8013026442560671
32,-1.801301886853899
32,-1.801302325385327
32,-1.8013024443542487
32,-1.8012999558332745
32,-1.8013013627177827
32,-1.8013032295699702
32,-1.8013031648223068
32,-1.8012995738813569
32,-1.8012934598267567
32,-1.8013025751124698
32,-1.8012949982317321
32,-1.801302000870245
32,-1.8013021722885045
32,-1.8013033715085067
32,-1.8012989364039704
32,-1.8013030633168137
32,-1.8013032177195099
32,-1.8013016564091164
32,-1.8013015451692742
32,-1.8013033503863753
32,-1.8013008062642037
32,-1.801302671186996
32,-1.8012967540742078
32,-1.8013033018464968
32,-1.8013020079577153
32,-1.801302757085531
32,-1.8013032336048882
32,-1.8013027282651506
32,-1.8013009118604206
32,-1.8013005514554903
32,-1.8013014703076866
32,-1.8013017784252496
32,-1.801302149821304
32,-1.8013033067075088
32,-1.8013033927981312
32,-1.8013010768026172
32,-1.8013031557297325
32,-1.8012922965893337
32,-1.8013027099478776
32,-1.8013026873268148
32,-1.8013022180556169
32,-1.8013015289513175
32,-1.8013018868059336
32,-1.8013027305671137
32,-1.8013023579249796
32,-1.8013001547751648
32,-1.8013024381847407
32,-1.8013006268531009
33,-1.8013033581912334
33,-1.8013026442560671
33,-1.801301886853899
33,-1.801302325385327
33,-1.8013024443542487
33,-1.8013002722569684
33,-1.8013013627177827
33,-1.8013032295699702
33,-1.8013031648223068
33,-1.8012995738813569
33,-1.8012934598267567
33,-1.8013025751124698
33,-1.8012987564315939
33,-1.801302000870245
33,-1.8013021722885045
33,-1.8013033715085067
33,-1.8012989364039704
33,-1.8013030633168137
33,-1.8013032177195099
33,-1.8013016564091164
33,-1.8013015451692742
33,-1.8013033503863753
33,-1.8013008062642037
33,-1.801302671186996
33,-1.8012967540742078
33,-1.8013033018464968
33,-1.8013020079577153
33,-1.801302757085531
33,-1.8013032336048882
33,-1.8013027282651506
33,-1.8013009118604206
33,-1.8013005514554903
33,-1.8013014703076866
33,-1.8013017784252496
33,-1.801302149821304
33,-1.8013033067075088
33,-1.8013033927981312
33,-1.8013010768026172
33,-1.8013031557297325
33,-1.801297325539187
33,-1.8013027099478776
33,-1.8013026873268148
33,-1.8013022180556169
33,-1.8013015289513175
33,-1.8013018868059336
33,-1.8013028403521028
33,-1.8013023579249796
33,-1.8013001547751648
33,-1.8013024381847407
33,-1.8013014388828354
34,-1.8013033581912334
34,-1.8013026442560671
34,-1.801301886853899
34,-1.801302325385327
34,-1.8013024443542487
34,-1.8013002722569684
34,-1.8013013627177827
34,-1.8013032295699702
34,-1.8013031648223068
34,-1.8012995738813569
34,-1.8013021853719193
34,-1.8013025751124698
34,-1.8012987564315939
34,-1.801302000870245
34,-1.8013021722885045
34,-1.8013033715085067
34,-1.8012989364039704
34,-1.8013030633168137
34,-1.8013032177195099
34,-1.8013016564091164
34,-1.8013015451692742
34,-1.8013033503863753
34,-1.8013008062642037
34,-1.801302671186996
34,-1.8012967540742078
34,-1.8013033018464968
34,-1.8013020079577153
34,-1.801302757085531
34,-1.8013032336048882
34,-1.8013027282651506
34,-1.8013009118604206
34,-1.8013005514554903
34,-1.8013014703076866
34,-1.8013017784252496
34,-1.801302149821304
34,-1.8013033067075088
34,-1.8013033927981312
34,-1.8013010768026172
34,-1.8013031557297325
34,-1.801297325539187
34,-1.8013027099478776
34,-1.8013026873268148
34,-1.8013022180556169
34,-1.8013015289513175
34,-1.8013018868059336
34,-1.8013028403521028
34,-1.8013023579249796
34,-1.8013001547751648
34,-1.8013024381847407
34,-1.8013014388828354
35,-1.8013033581912334
35,-1.801303009394863
35,-1.801301886853899
35,-1.801302325385327
35,-1.8013024443542487
35,-1.8013002722569684
35,-1.8013013627177827
35,-1.8013032295699702
35,-1.8013031648223068
35,-1.8012995738813569
35,-1.8013021853719193
35,-1.8013025751124698
35,-1.8012987564315939
35,-1.801302000870245
35,-1.8013021722885045
35,-1.8013033715085067
35,-1.8012989364039704
35,-1.8013030633168137
35,-1.8013032177195099
35,-1.8013016564091164
35,-1.8013015451692742
35,-1.8013033503863753
35,-1.8013008062642037
35,-1.801302671186996
35,-1.8012967540742078
35,-1.8013033018464968
35,-1.8013020079577153
35,-1.801302757085531
35,-1.8013032336048882
35,-1.8013027282651506
35,-1.8013009118604206
35,-1.8013005514554903
35,-1.8013014703076866
35,-1.8013017784252496
35,-1.801302149821304
35,-1.8013033067075088
35,-1.8013033927981312
35,-1.8013010768026172
35,-1.8013031557297325
35,-1.801297325539187
35,-1.8013027099478776
35,-1.8013026873268148
35,-1.8013022180556169
35,-1.8013015289513175
35,-1.8013023956748868
35,-1.8013028403521028
35,-1.8013023579249796
35,-1.8013001547751648
35,-1.8013024381847407
35,-1.8013014388828354
36,-1.8013033581912334
36,-1.801303009394863
36,-1.801301886853899
36,-1.801302325385327
36,-1.8013024443542487
36,-1.8013002722569684
36,-1.8013013627177827
36,-1.8013032295699702
36,-1.8013031648223068
36,-1.8012995738813569
36,-1.8013021853719193
36,-1.8013025751124698
36,-1.8012987564315939
36,-1.801302000870245
36,-1.8013021722885045
36,-1.8013033715085067
36,-1.8012989364039704
36,-1.8013030633168137
36,-1.8013032177195099
36,-1.8013016564091164
36,-1.8013015451692742
36,-1.8013033503863753
36,-1.8013008062642037
36,-1.801302671186996
36,-1.8012967540742078
36,-1.8013033018464968
36,-1.8013020079577153
36,-1.801302757085531
36,-1.8013032336048882
36,-1.8013027282651506
36,-1.8013009118604206
36,-1.8013005514554903
36,-1.8013014703076866
36,-1.8013017784252496
36,-1.801302149821304
36,-1.8013033067075088
36,-1.8013033927981312
36,-1.8013010768026172
36,-1.8013031557297325
36,-1.8013031955279732
36,-1.8013027099478776
36,-1.8013026873268148
36,-1.8013022180556169
36,-1.8013015289513175
36,-1.8013023956748868
36,-1.8013028403521028
36,-1.8013023579249796
36,-1.8013031236122
36,-1.8013024381847407
36,-1.8013014388828354
37,-1.8013033581912334
37,-1.801303009394863
37,-1.801301886853899
37,-1.801302325385327
37,-1.8013024443542487
37,-1.8013002722569684
37,-1.8013013627177827
37,-1.8013032295699702
37,-1.8013031648223068
37,-1.8012995738813569
37,-1.8013021853719193
37,-1.8013025751124698
37,-1.8013014468098263
37,-1.801302000870245
37,-1.8013021722885045
37,-1.8013033715085067
37,-1.8012989364039704
37,-1.8013030633168137
37,-1.8013032177195099
37,-1.8013016564091164
37,-1.8013015451692742
37,-1.8013033503863753
37,-1.8013008062642037
37,-1.801302671186996
37,-1.8012967540742078
37,-1.8013033018464968
37,-1.8013020079577153
37,-1.801302757085531
37,-1.8013032336048882
37,-1.8013027282651506
37,-1.8013009118604206
37,-1.8013005514554903
37,-1.8013014703076866
37,-1.8013017784252496
37,-1.801302149821304
37,-1.8013033067075088
37,-1.8013033927981312
37,-1.8013025271228622
37,-1.8013031557297325
37,-1.8013031955279732
37,-1.8013027099478776
37,-1.8013026873268148
37,-1.8013022180556169
37,-1.8013015289513175
37,-1.8013023956748868
37,-1.8013028403521028
37,-1.8013023579249796
37,-1.8013031236122
37,-1.8013024381847407
37,-1.8013014388828354
38,-1.8013033581912334
38,-1.801303009394863
38,-1.801301886853899
38,-1.801302325385327
38,-1.8013024443542487
38,-1.8013002722569684
38,-1.8013013627177827
38,-1.8013032295699702
38,-1.8013031648223068
38,-1.8012995738813569
38,-1.8013021853719193
38,-1.8013025751124698
38,-1.8013014468098263
38,-1.801302000870245
38,-1.8013021722885045
38,-1.8013033715085067
38,-1.8012989364039704
38,-1.8013030633168137
38,-1.8013032177195099
38,-1.8013016564091164
38,-1.8013015451692742
38,-1.8013033503863753
38,-1.8013008062642037
38,-1.801302671186996
38,-1.8012967540742078
38,-1.8013033018464968
38,-1.8013020079577153
38,-1.8013027611262395
38,-1.8013032336048882
38,-1.8013027282651506
38,-1.8013009118604206
38,-1.8013005514554903
38,-1.8013014703076866
38,-1.8013017784252496
38,-1.801302149821304
38,-1.8013033067075088
38,-1.8013033927981312
38,-1.8013025271228622
38,-1.8013031557297325
38,-1.8013031955279732
38,-1.8013027099478776
38,-1.8013026873268148
38,-1.8013022180556169
38,-1.8013015289513175
38,-1.8013023956748868
38,-1.8013028403521028
38,-1.8013023579249796
38,-1.8013031236122
38,-1.8013024381847407
38,-1.8013014388828354
39,-1.8013033581912334
39,-1.801303009394863
39,-1.801301886853899
39,-1.801302325385327
39,-1.8013024443542487
39,-1.8013002722569684
39,-1.8013013627177827
39,-1.8013032295699702
39,-1.8013031648223068
39,-1.8012995738813569
39,-1.8013021853719193
39,-1.8013025751124698
39,-1.8013014468098263
39,-1.801302000870245
39,-1.8013021722885045
39,-1.8013033715085067
39,-1.8012989364039704
39,-1.8013030633168137
39,-1.8013032177195099
39,-1.8013016564091164
39,-1.8013015451692742
39,-1.8013033503863753
39,-1.8013008062642037
39,-1.801302671186996
39,-1.8013032523381425
39,-1.8013033018464968
39,-1.8013020079577153
39,-1.8013027611262395
39,-1.8013032336048882
39,-1.8013027282651506
39,-1.8013009118604206
39,-1.8013005514554903
39,-1.8013014703076866
39,-1.8013017784252496
39,-1.801302149821304
39,-1.8013033067075088
39,-1.8013033927981312
39,-1.8013025271228622
39,-1.8013031557297325
39,-1.8013031955279732
39,-1.8013027099478776
39,-1.8013026873268148
39,-1.8013022180556169
39,-1.8013015289513175
39,-1.8013023956748868
39,-1.8013028403521028
39,-1.8013023579249796
39,-1.8013031236122
39,-1.8013024381847407
39,-1.8013014388828354
40,-1.8013033581912334
40,-1.801303009394863
40,-1.801301886853899
40,-1.801302325385327
40,-1.8013024443542487
40,-1.8013002722569684
40,-1.8013013627177827
40,-1.8013032295699702
40,-1.8013031648223068
40,-1.8012995738813569
40,-1.8013021853719193
40,-1.8013025751124698
40,-1.8013014468098263
40,-1.801302000870245
40,-1.8013021722885045
40,-1.8013033715085067
40,-1.8012989364039704
40,-1.8013030633168137
40,-1.8013032177195099
40,-1.8013016564091164
40,-1.8013015451692742
40,-1.8013033503863753
40,-1.8013008062642037
40,-1.801302671186996
40,-1.8013032523381425
40,-1.8013033018464968
40,-1.8013020079577153
40,-1.8013027611262395
40,-1.8013032336048882
40,-1.8013027282651506
40,-1.8013009118604206
40,-1.8013005514554903
40,-1.8013014703076866
40,-1.8013017784252496
40,-1.801302149821304
40,-1.8013033067075088
40,-1.8013033927981312
40,-1.8013025271228622
40,-1.8013031557297325
40,-1.8013031955279732
40,-1.8013027099478776
40,-1.8013026873268148
40,-1.8013022180556169
40,-1.8013015289513175
40,-1.8013023956748868
40,-1.8013028403521028
40,-1.8013023579249796
40,-1.8013031236122
40,-1.8013024381847407
40,-1.8013014388828354
41,-1.8013033581912334
41,-1.801303009394863
41,-1.801301886853899
41,-1.801302325385327
41,-1.8013024443542487
41,-1.8013002722569684
41,-1.8013013627177827
41,-1.8013032295699702
41,-1.8013031648223068
41,-1.8012995738813569
41,-1.8013021853719193
41,-1.8013025751124698
41,-1.8013014468098263
41,-1.801302000870245
41,-1.8013021722885045
41,-1.8013033715085067
41,-1.8012989364039704
41,-1.8013030633168137
41,-1.8013032177195099
41,-1.8013016564091164
41,-1.8013015451692742
41,-1.8013033503863753
41,-1.8013008062642037
41,-1.801302671186996
41,-1.8013032523381425
41,-1.8013033018464968
41,-1.8013020079577153
41,-1.8013027611262395
41,-1.8013032336048882
41,-1.8013027282651506
41,-1.8013009118604206
41,-1.8013005514554903
41,-1.8013014703076866
41,-1.8013017784252496
41,-1.801302149821304
41,-1.8013033067075088
41,-1.8013033927981312
41,-1.8013025271228622
41,-1.8013031557297325
41,-1.8013031955279732
41,-1.8013027099478776
41,-1.8013026873268148
41,-1.8013022180556169
41,-1.8013015289513175
41,-1.8013023956748868
41,-1.8013028403521028
41,-1.8013023579249796
41,-1.8013031236122
41,-1.8013024381847407
41,-1.8013014388828354
42,-1.8013033581912334
42,-1.801303009394863
42,-1.801301886853899
42,-1.801302325385327
42,-1.8013025542697498
42,-1.8013002722569684
42,-1.8013013627177827
42,-1.8013032295699702
42,-1.8013031648223068
42,-1.8012995738813569
42,-1.8013021853719193
42,-1.8013025751124698
42,-1.8013014468098263
42,-1.801302000870245
42,-1.8013021722885045
42,-1.8013033715085067
42,-1.8012989364039704
42,-1.8013030633168137
42,-1.8013032177195099
42,-1.8013016564091164
42,-1.8013015451692742
42,-1.8013033503863753
42,-1.8013008062642037
42,-1.801302671186996
42,-1.8013032523381425
42,-1.8013033018464968
42,-1.8013020079577153
42,-1.8013027611262395
42,-1.8013032336048882
42,-1.8013027282651506
42,-1.8013009118604206
42,-1.8013005514554903
42,-1.8013022615234338
42,-1.8013017784252496
42,-1.801302149821304
42,-1.8013033067075088
42,-1.8013033927981312
42,-1.8013025271228622
42,-1.8013031557297325
42,-1.8013031955279732
42,-1.8013027099478776
42,-1.8013026873268148
42,-1.8013022180556169
42,-1.8013015289513175
42,-1.801303032189869
42,-1.8013028403521028
42,-1.8013023579249796
42,-1.8013031236122
42,-1.8013024381847407
42,-1.8013014388828354
43,-1.8013033581912334
43,-1.801303009394863
43,-1.801301886853899
43,-1.801302325385327
43,-1.8013025542697498
43,-1.8013002722569684
43,-1.8013013627177827
43,-1.8013034083759705
43,-1.8013031648223068
43,-1.801302246552548
43,-1.8013021853719193
43,-1.8013025751124698
43,-1.8013014468098263
43,-1.801302000870245
43,-1.8013021722885045
43,-1.8013033715085067
43,-1.8012998133450613
43,-1.8013030633168137
43,-1.8013032177195099
43,-1.8013016564091164
43,-1.8013015451692742
43,-1.8013033503863753
43,-1.8013008062642037
43,-1.801302671186996
43,-1.8013032523381425
43,-1.8013033018464968
43,-1.8013020079577153
43,-1.8013027611262395
43,-1.8013032336048882
43,-1.8013027282651506
43,-1.8013009118604206
43,-1.8013005514554903
43,-1.8013022615234338
43,-1.8013017784252496
43,-1.801302149821304
43,-1.8013033067075088
43,-1.8013033927981312
43,-1.8013025271228622
43,-1.8013031557297325
43,-1.8013031955279732
43,-1.8013027099478776
43,-1.8013026873268148
43,-1.8013022180556169
43,-1.8013015289513175
43,-1.801303032189869
43,-1.8013028403521028
43,-1.8013023579249796
43,-1.8013031236122
43,-1.8013024381847407
43,-1.8013014388828354
44,-1.8013033581912334
44,-1.801303009394863
44,-1.801301886853899
44,-1.801302325385327
44,-1.8013025542697498
44,-1.8013002722569684
44,-1.8013013627177827
44,-1.8013034083759705
44,-1.8013031648223068
44,-1.801302246552548
44,-1.8013021853719193
44,-1.8013025751124698
44,-1.8013014468098263
44,-1.801302000870245
44,-1.8013021722885045
44,-1.8013033715085067
44,-1.8012998133450613
44,-1.8013030633168137
44,-1.8013032177195099
44,-1.8013016564091164
44,-1.8013015451692742
44,-1.8013033503863753
44,-1.8013008062642037
44,-1.801302671186996
44,-1.8013032523381425
44,-1.8013033018464968
44,-1.8013020079577153
44,-1.8013027611262395
44,-1.8013032336048882
44,-1.8013027282651506
44,-1.8013009118604206
44,-1.8013005514554903
44,-1.8013022615234338
44,-1.8013017784252496
44,-1.801302149821304
44,-1.8013033067075088
44,-1.8013033927981312
44,-1.8013025271228622
44,-1.8013031557297325
44,-1.8013031955279732
44,-1.8013027099478776
44,-1.8013026873268148
44,-1.8013022180556169
44,-1.8013015289513175
44,-1.801303032189869
44,-1.8013028403521028
44,-1.8013023579249796
44,-1.8013031236122
44,-1.8013024381847407
44,-1.8013032527653823
45,-1.8013033581912334
45,-1.801303009394863
45,-1.801301886853899
45,-1.801302325385327
45,-1.8013025542697498
45,-1.8013002722569684
45,-1.8013013627177827
45,-1.8013034083759705
45,-1.8013031648223068
45,-1.801302246552548
45,-1.8013021853719193
45,-1.8013025751124698
45,-1.8013014468098263
45,-1.801302000870245
45,-1.8013021722885045
45,-1.8013033715085067
45,-1.8012998133450613
45,-1.8013030633168137
45,-1.8013032177195099
45,-1.8013016564091164
45,-1.8013015451692742
45,-1.8013033503863753
45,-1.8013008062642037
45,-1.801302671186996
45,-1.8013032523381425
45,-1.8013033018464968
45,-1.8013020079577153
45,-1.8013027611262395
45,-1.8013032336048882
45,-1.8013027282651506
45,-1.8013009118604206
45,-1.8013005514554903
45,-1.8013022615234338
45,-1.8013017784252496
45,-1.801302149821304
45,-1.8013033067075088
45,-1.8013033927981312
45,-1.8013025271228622
45,-1.8013031557297325
45,-1.8013031955279732
45,-1.8013027099478776
45,-1.8013026873268148
45,-1.8013022180556169
45,-1.8013015289513175
45,-1.801303032189869
45,-1.8013028403521028
45,-1.8013023579249796
45,-1.8013031236122
45,-1.8013024381847407
45,-1.8013032527653823
46,-1.8013033581912334
46,-1.801303009394863
46,-1.801301886853899
46,-1.801302325385327
46,-1.8013025542697498
46,-1.8013002722569684
46,-1.8013013627177827
46,-1.8013034083759705
46,-1.8013031648223068
46,-1.801302246552548
46,-1.8013021853719193
46,-1.8013025751124698
46,-1.8013014468098263
46,-1.801302000870245
46,-1.8013021722885045
46,-1.8013033715085067
46,-1.8012998133450613
46,-1.8013030633168137
46,-1.8013032177195099
46,-1.8013029208497084
46,-1.8013015451692742
46,-1.8013033503863753
46,-1.8013008062642037
46,-1.801302671186996
46,-1.8013032523381425
46,-1.8013033018464968
46,-1.8013020079577153
46,-1.8013027611262395
46,-1.8013032336048882
46,-1.8013027282651506
46,-1.8013009118604206
46,-1.8013005514554903
46,-1.8013022615234338
46,-1.8013017784252496
46,-1.801302149821304
46,-1.8013033067075088
46,-1.8013033927981312
46,-1.8013025271228622
46,-1.8013031557297325
46,-1.8013031955279732
46,-1.8013027099478776
46,-1.8013026873268148
46,-1.8013022180556169
46,-1.8013015289513175
46,-1.801303032189869
46,-1.8013028403521028
46,-1.8013023579249796
46,-1.8013031236122
46,-1.8013024381847407
46,-1.8013032527653823
47,-1.8013033581912334
47,-1.801303009394863
47,-1.801301886853899
47,-1.801302325385327
47,-1.8013025542697498
47,-1.8013002722569684
47,-1.8013013627177827
47,-1.8013034083759705
47,-1.8013031648223068
47,-1.801302246552548
47,-1.8013021853719193
47,-1.8013025751124698
47,-1.8013014468098263
47,-1.801302000870245
47,-1.8013021722885045
47,-1.8013033715085067
47,-1.8012998133450613
47,-1.8013030633168137
47,-1.8013032177195099
47,-1.8013029208497084
47,-1.8013015451692742
47,-1.8013033503863753
47,-1.8013008062642037
47,-1.801302671186996
47,-1.8013032523381425
47,-1.8013033018464968
47,-1.8013020079577153
47,-1.8013027611262395
47,-1.8013032336048882
47,-1.8013027282651506
47,-1.8013009118604206
47,-1.8013005514554903
47,-1.8013022615234338
47,-1.8013017784252496
47,-1.801302149821304
47,-1.8013033067075088
47,-1.8013033927981312
47,-1.8013025271228622
47,-1.8013031557297325
47,-1.8013031955279732
47,-1.8013027099478776
47,-1.8013026873268148
47,-1.8013022180556169
47,-1.8013015289513175
47,-1.801303032189869
47,-1.8013028403521028
47,-1.8013023579249796
47,-1.8013031236122
47,-1.8013024381847407
47,-1.8013032527653823
48,-1.8013033581912334
48,-1.801303009394863
48,-1.801301886853899
48,-1.801302325385327
48,-1.8013025542697498
48,-1.8013002722569684
48,-1.8013013627177827
48,-1.8013034083759705
48,-1.8013031648223068
48,-1.801302246552548
48,-1.8013021853719193
48,-1.8013025751124698
48,-1.8013014468098263
48,-1.801302000870245
48,-1.8013021722885045
48,-1.8013033715085067
48,-1.8013012118275762
48,-1.8013030633168137
48,-1.8013032177195099
48,-1.8013029208497084
48,-1.8013015451692742
48,-1.8013033503863753
48,-1.8013008062642037
48,-1.801302671186996
48,-1.8013032523381425
48,-1.8013033018464968
48,-1.8013020079577153
48,-1.8013027611262395
48,-1.8013032336048882
48,-1.8013027282651506
48,-1.8013009118604206
48,-1.8013005514554903
48,-1.8013022615234338
48,-1.8013017784252496
48,-1.8013025534344906
48,-1.8013033067075088
48,-1.8013033927981312
48,-1.8013025271228622
48,-1.8013031557297325
48,-1.8013031955279732
48,-1.8013027099478776
48,-1.8013026873268148
48,-1.8013022180556169
48,-1.8013015289513175
48,-1.801303032189869
48,-1.8013028403521028
48,-1.8013023579249796
48,-1.8013031236122
48,-1.8013024381847407
48,-1.8013032527653823
49,-1.8013033581912334
49,-1.801303009394863
49,-1.801301886853899
49,-1.801302325385327
49,-1.8013025542697498
49,-1.8013002722569684
49,-1.8013013627177827
49,-1.8013034083759705
49,-1.8013031648223068
49,-1.801302246552548
49,-1.8013025255373332
49,-1.8013025751124698
49,-1.8013014468098263
49,-1.801302000870245
49,-1.8013021722885045
49,-1.8013033715085067
49,-1.8013012118275762
49,-1.8013030633168137
49,-1.8013032177195099
49,-1.8013029208497084
49,-1.8013015451692742
49,-1.8013033503863753
49,-1.8013008062642037
49,-1.801302671186996
49,-1.8013032523381425
49,-1.8013033018464968
49,-1.8013020079577153
49,-1.8013027611262395
49,-1.8013032336048882
49,-1.8013027282651506
49,-1.8013009118604206
49,-1.8013005514554903
49,-1.8013022615234338
49,-1.8013017784252496
49,-1.8013025534344906
49,-1.8013033067075088
49,-1.8013033927981312
49,-1.8013025271228622
49,-1.8013031557297325
49,-1.8013031955279732
49,-1.8013027099478776
49,-1.8013026873268148
49,-1.8013022180556169
49,-1.8013015289513175
49,-1.801303032189869
49,-1.8013028403521028
49,-1.8013023579249796
49,-1.8013031236122
49,-1.8013024381847407
49,-1.8013032527653823
