Iteration,Phase,Id,X,Y
50,,10,,
0,0,0,432.50070578674536,330.3340524138368
0,0,1,413.6454560096592,194.56222560922419
0,0,2,242.22410933460296,242.66308908104443
0,0,3,598.9955680889967,505.50248717948267
0,0,4,529.2886597943402,103.02709845638466
0,0,5,372.7927568591157,143.60313112321012
0,0,6,232.72107778706558,27.25453594948596
0,0,7,447.0210166186609,146.82124731162986
0,0,8,457.0022730305978,178.32334248048133
0,0,9,298.50582887222373,455.4791396525715
0,1,0,432.50070578674536,330.3340524138368
0,1,1,413.6454560096592,194.56222560922419
0,1,2,242.22410933460296,242.66308908104443
0,1,3,598.9955680889967,505.50248717948267
0,1,4,529.2886597943402,103.02709845638466
0,1,5,372.7927568591157,143.60313112321012
0,1,6,232.72107778706558,27.25453594948596
0,1,7,447.0210166186609,146.82124731162986
0,1,8,457.0022730305978,178.32334248048133
0,1,9,298.50582887222373,455.4791396525715
0,2,0,432.50070578674536,330.3340524138368
0,2,1,413.6454560096592,194.56222560922419
0,2,2,242.22410933460296,242.66308908104443
0,2,3,598.9955680889967,505.50248717948267
0,2,4,529.2886597943402,103.02709845638466
0,2,5,372.7927568591157,143.60313112321012
0,2,6,232.72107778706558,27.25453594948596
0,2,7,447.0210166186609,146.82124731162986
0,2,8,457.0022730305978,178.32334248048133
0,2,9,298.50582887222373,455.4791396525715
1,0,0,432.50070578674536,330.3340524138368
1,0,1,413.6454560096592,194.56222560922419
1,0,2,518.6188218317428,16.05829873425226
1,0,3,506.96323833225244,269.6802182133046
1,0,4,529.2886597943402,103.02709845638466
1,0,5,372.7927568591157,143.60313112321012
1,0,6,198.06052857036573,345.9026435027803
1,0,7,447.0210166186609,146.82124731162986
1,0,8,445.99838650488255,42.88919867893755
1,0,9,336.6479399407352,319.20189187733075
1,1,0,432.50070578674536,330.3340524138368
1,1,1,413.6454560096592,194.56222560922419
1,1,2,518.6188218317428,16.05829873425226
1,1,3,506.96323833225244,269.6802182133046
1,1,4,529.2886597943402,103.02709845638466
1,1,5,372.7927568591157,143.60313112321012
1,1,6,198.06052857036573,345.9026435027803
1,1,7,447.0210166186609,146.82124731162986
1,1,8,445.99838650488255,42.88919867893755
1,1,9,336.6479399407352,319.20189187733075
1,2,0,432.50070578674536,330.3340524138368
1,2,1,413.6454560096592,194.56222560922419
1,2,2,518.6188218317428,16.05829873425226
1,2,3,506.96323833225244,269.6802182133046
1,2,4,529.2886597943402,103.02709845638466
1,2,5,372.7927568591157,143.60313112321012
1,2,6,198.06052857036573,345.9026435027803
1,2,7,447.0210166186609,146.82124731162986
1,2,8,445.99838650488255,42.88919867893755
1,2,9,336.6479399407352,319.20189187733075
2,0,0,432.50070578674536,330.3340524138368
2,0,1,430.8058835877791,223.82332672082694
2,0,2,518.6188218317428,16.05829873425226
2,0,3,550.5977320922689,294.17380855145353
2,0,4,483.88952169285807,119.25727239162704
2,0,5,372.7927568591157,143.60313112321012
2,0,6,198.06052857036573,345.9026435027803
2,0,7,447.0210166186609,146.82124731162986
2,0,8,445.99838650488255,42.88919867893755
2,0,9,132.8739396599365,313.1838344615483
2,1,0,432.50070578674536,330.3340524138368
2,1,1,430.8058835877791,223.82332672082694
2,1,2,518.6188218317428,16.05829873425226
2,1,3,550.5977320922689,294.17380855145353
2,1,4,483.88952169285807,119.25727239162704
2,1,5,372.7927568591157,143.60313112321012
2,1,6,198.06052857036573,345.9026435027803
2,1,7,447.0210166186609,146.82124731162986
2,1,8,445.99838650488255,42.88919867893755
2,1,9,132.8739396599365,313.1838344615483
2,2,0,432.50070578674536,330.3340524138368
2,2,1,430.8058835877791,223.82332672082694
2,2,2,518.6188218317428,16.05829873425226
2,2,3,550.5977320922689,294.17380855145353
2,2,4,483.88952169285807,119.25727239162704
2,2,5,372.7927568591157,143.60313112321012
2,2,6,198.06052857036573,345.9026435027803
2,2,7,447.0210166186609,146.82124731162986
2,2,8,445.99838650488255,42.88919867893755
2,2,9,132.8739396599365,313.1838344615483
3,0,0,432.50070578674536,330.3340524138368
3,0,1,430.8058835877791,223.82332672082694
3,0,2,423.17679750291575,0.0
3,0,3,447.8057417580408,286.37542992325973
3,0,4,483.88952169285807,119.25727239162704
3,0,5,372.7927568591157,143.60313112321012
3,0,6,198.06052857036573,345.9026435027803
3,0,7,444.183985027804,128.56800788874438
3,0,8,445.99838650488255,42.88919867893755
3,0,9,132.8739396599365,313.1838344615483
3,1,0,432.50070578674536,330.3340524138368
3,1,1,430.8058835877791,223.82332672082694
3,1,2,423.17679750291575,0.0
3,1,3,447.8057417580408,286.37542992325973
3,1,4,483.88952169285807,119.25727239162704
3,1,5,372.7927568591157,143.60313112321012
3,1,6,198.06052857036573,345.9026435027803
3,1,7,444.183985027804,128.56800788874438
3,1,8,445.99838650488255,42.88919867893755
3,1,9,132.8739396599365,313.1838344615483
3,2,0,30.830525561986597,291.18826115946865
3,2,1,430.8058835877791,223.82332672082694
3,2,2,423.17679750291575,0.0
3,2,3,447.8057417580408,286.37542992325973
3,2,4,483.88952169285807,119.25727239162704
3,2,5,372.7927568591157,143.60313112321012
3,2,6,198.06052857036573,345.9026435027803
3,2,7,444.183985027804,128.56800788874438
3,2,8,445.99838650488255,42.88919867893755
3,2,9,132.8739396599365,313.1838344615483
4,0,0,30.830525561986597,291.18826115946865
4,0,1,430.8058835877791,223.82332672082694
4,0,2,423.17679750291575,0.0
4,0,3,447.8057417580408,286.37542992325973
4,0,4,477.71084072522524,193.909355751538
4,0,5,372.7927568591157,143.60313112321012
4,0,6,198.06052857036573,345.9026435027803
4,0,7,444.183985027804,128.56800788874438
4,0,8,445.99838650488255,42.88919867893755
4,0,9,132.8739396599365,313.1838344615483
4,1,0,30.830525561986597,291.18826115946865
4,1,1,430.8058835877791,223.82332672082694
4,1,2,423.17679750291575,0.0
4,1,3,447.8057417580408,286.37542992325973
4,1,4,477.71084072522524,193.909355751538
4,1,5,372.7927568591157,143.60313112321012
4,1,6,198.06052857036573,345.9026435027803
4,1,7,444.183985027804,128.56800788874438
4,1,8,445.99838650488255,42.88919867893755
4,1,9,132.8739396599365,313.1838344615483
4,2,0,30.830525561986597,291.18826115946865
4,2,1,430.8058835877791,223.82332672082694
4,2,2,423.17679750291575,0.0
4,2,3,447.8057417580408,286.37542992325973
4,2,4,477.71084072522524,193.909355751538
4,2,5,372.7927568591157,143.60313112321012
4,2,6,198.06052857036573,345.9026435027803
4,2,7,444.183985027804,128.56800788874438
4,2,8,445.99838650488255,42.88919867893755
4,2,9,132.8739396599365,313.1838344615483
5,0,0,1.5271415907554597,303.4987341917972
5,0,1,600.0,312.4112943274896
5,0,2,425.8100607676254,0.0
5,0,3,447.8057417580408,286.37542992325973
5,0,4,477.71084072522524,193.909355751538
5,0,5,372.7927568591157,143.60313112321012
5,0,6,59.1637200136202,312.76714128617766
5,0,7,444.183985027804,128.56800788874438
5,0,8,445.99838650488255,42.88919867893755
5,0,9,132.8739396599365,313.1838344615483
5,1,0,1.5271415907554597,303.4987341917972
5,1,1,600.0,312.4112943274896
5,1,2,425.8100607676254,0.0
5,1,3,447.8057417580408,286.37542992325973
5,1,4,477.71084072522524,193.909355751538
5,1,5,372.7927568591157,143.60313112321012
5,1,6,59.1637200136202,312.76714128617766
5,1,7,444.183985027804,128.56800788874438
5,1,8,445.99838650488255,42.88919867893755
5,1,9,132.8739396599365,313.1838344615483
5,2,0,1.5271415907554597,303.4987341917972
5,2,1,600.0,312.4112943274896
5,2,2,425.8100607676254,0.0
5,2,3,447.8057417580408,286.37542992325973
5,2,4,477.71084072522524,193.909355751538
5,2,5,226.01714874588322,493.36882181029375
5,2,6,59.1637200136202,312.76714128617766
5,2,7,444.183985027804,128.56800788874438
5,2,8,445.99838650488255,42.88919867893755
5,2,9,132.8739396599365,313.1838344615483
6,0,0,1.5271415907554597,303.4987341917972
6,0,1,600.0,312.4112943274896
6,0,2,425.8100607676254,0.0
6,0,3,447.8057417580408,286.37542992325973
6,0,4,477.71084072522524,193.909355751538
6,0,5,116.70464172979602,357.9152498924451
6,0,6,59.1637200136202,312.76714128617766
6,0,7,444.183985027804,128.56800788874438
6,0,8,445.99838650488255,42.88919867893755
6,0,9,132.8739396599365,313.1838344615483
6,1,0,1.5271415907554597,303.4987341917972
6,1,1,600.0,312.4112943274896
6,1,2,425.8100607676254,0.0
6,1,3,447.8057417580408,286.37542992325973
6,1,4,477.71084072522524,193.909355751538
6,1,5,116.70464172979602,357.9152498924451
6,1,6,59.1637200136202,312.76714128617766
6,1,7,444.183985027804,128.56800788874438
6,1,8,445.99838650488255,42.88919867893755
6,1,9,132.8739396599365,313.1838344615483
6,2,0,1.5271415907554597,303.4987341917972
6,2,1,600.0,312.4112943274896
6,2,2,425.8100607676254,0.0
6,2,3,447.8057417580408,286.37542992325973
6,2,4,477.71084072522524,193.909355751538
6,2,5,116.70464172979602,357.9152498924451
6,2,6,59.1637200136202,312.76714128617766
6,2,7,444.183985027804,128.56800788874438
6,2,8,242.12352559328502,512.4051749893079
6,2,9,132.8739396599365,313.1838344615483
7,0,0,1.5271415907554597,303.4987341917972
7,0,1,600.0,312.4112943274896
7,0,2,425.8100607676254,0.0
7,0,3,447.8057417580408,286.37542992325973
7,0,4,477.71084072522524,193.909355751538
7,0,5,116.70464172979602,357.9152498924451
7,0,6,59.1637200136202,312.76714128617766
7,0,7,444.183985027804,128.56800788874438
7,0,8,279.86277540750757,551.9425800886296
7,0,9,132.8739396599365,313.1838344615483
7,1,0,1.5271415907554597,303.4987341917972
7,1,1,600.0,312.4112943274896
7,1,2,425.8100607676254,0.0
7,1,3,447.8057417580408,286.37542992325973
7,1,4,477.71084072522524,193.909355751538
7,1,5,116.70464172979602,357.9152498924451
7,1,6,59.1637200136202,312.76714128617766
7,1,7,444.183985027804,128.56800788874438
7,1,8,279.86277540750757,551.9425800886296
7,1,9,132.8739396599365,313.1838344615483
7,2,0,1.5271415907554597,303.4987341917972
7,2,1,600.0,312.4112943274896
7,2,2,425.8100607676254,0.0
7,2,3,294.2755852581465,227.51001753165266
7,2,4,477.71084072522524,193.909355751538
7,2,5,116.70464172979602,357.9152498924451
7,2,6,59.1637200136202,312.76714128617766
7,2,7,444.183985027804,128.56800788874438
7,2,8,279.86277540750757,551.9425800886296
7,2,9,76.46358322684121,298.7507041034319
8,0,0,1.5271415907554597,303.4987341917972
8,0,1,600.0,312.4112943274896
8,0,2,425.8100607676254,0.0
8,0,3,89.45911738124184,265.4475987184074
8,0,4,477.71084072522524,193.909355751538
8,0,5,431.2511922775,208.49024481591738
8,0,6,59.1637200136202,312.76714128617766
8,0,7,442.65413279511785,208.57153334611712
8,0,8,436.24915740959347,600.0
8,0,9,91.59293467172813,299.07762367547434
8,1,0,1.5271415907554597,303.4987341917972
8,1,1,600.0,312.4112943274896
8,1,2,425.8100607676254,0.0
8,1,3,89.45911738124184,265.4475987184074
8,1,4,477.71084072522524,193.909355751538
8,1,5,431.2511922775,208.49024481591738
8,1,6,59.1637200136202,312.76714128617766
8,1,7,442.65413279511785,208.57153334611712
8,1,8,436.24915740959347,600.0
8,1,9,91.59293467172813,299.07762367547434
8,2,0,1.5271415907554597,303.4987341917972
8,2,1,600.0,312.4112943274896
8,2,2,425.8100607676254,0.0
8,2,3,89.45911738124184,265.4475987184074
8,2,4,477.71084072522524,193.909355751538
8,2,5,431.2511922775,208.49024481591738
8,2,6,301.2418649982076,435.9920683880958
8,2,7,442.65413279511785,208.57153334611712
8,2,8,436.24915740959347,600.0
8,2,9,91.59293467172813,299.07762367547434
9,0,0,1.5271415907554597,303.4987341917972
9,0,1,600.0,312.4112943274896
9,0,2,425.8100607676254,0.0
9,0,3,90.2038013490089,298.73814145759246
9,0,4,477.71084072522524,193.909355751538
9,0,5,431.2511922775,208.49024481591738
9,0,6,485.94228824399954,537.5627658009842
9,0,7,442.65413279511785,208.57153334611712
9,0,8,436.24915740959347,600.0
9,0,9,91.59293467172813,299.07762367547434
9,1,0,1.5271415907554597,303.4987341917972
9,1,1,428.6513528965456,306.4291835927624
9,1,2,425.8100607676254,0.0
9,1,3,90.2038013490089,298.73814145759246
9,1,4,477.71084072522524,193.909355751538
9,1,5,431.2511922775,208.49024481591738
9,1,6,485.94228824399954,537.5627658009842
9,1,7,442.65413279511785,208.57153334611712
9,1,8,436.24915740959347,600.0
9,1,9,91.59293467172813,299.07762367547434
9,2,0,521.7656499776486,76.17984538195444
9,2,1,428.6513528965456,306.4291835927624
9,2,2,425.8100607676254,0.0
9,2,3,90.2038013490089,298.73814145759246
9,2,4,185.54896226867353,320.968033935702
9,2,5,431.2511922775,208.49024481591738
9,2,6,485.94228824399954,537.5627658009842
9,2,7,442.65413279511785,208.57153334611712
9,2,8,436.24915740959347,600.0
9,2,9,91.59293467172813,299.07762367547434
10,0,0,452.1354013470039,113.37540677021964
10,0,1,428.6513528965456,306.4291835927624
10,0,2,425.8100607676254,0.0
10,0,3,90.2038013490089,298.73814145759246
10,0,4,138.69983708022949,318.193490439257
10,0,5,451.7886944443818,270.25871252533267
10,0,6,457.0675500724988,491.3563251548415
10,0,7,441.0991970159579,202.41427351009403
10,0,8,436.24915740959347,600.0
10,0,9,91.59293467172813,299.07762367547434
10,1,0,452.1354013470039,113.37540677021964
10,1,1,428.6513528965456,306.4291835927624
10,1,2,425.8100607676254,0.0
10,1,3,90.2038013490089,298.73814145759246
10,1,4,138.69983708022949,318.193490439257
10,1,5,451.7886944443818,270.25871252533267
10,1,6,457.0675500724988,491.3563251548415
10,1,7,441.0991970159579,202.41427351009403
10,1,8,436.24915740959347,600.0
10,1,9,91.59293467172813,299.07762367547434
10,2,0,452.1354013470039,113.37540677021964
10,2,1,428.6513528965456,306.4291835927624
10,2,2,453.30754522738846,332.4665473114566
10,2,3,90.2038013490089,298.73814145759246
10,2,4,138.69983708022949,318.193490439257
10,2,5,451.7886944443818,270.25871252533267
10,2,6,457.0675500724988,491.3563251548415
10,2,7,441.0991970159579,202.41427351009403
10,2,8,436.24915740959347,600.0
10,2,9,91.59293467172813,299.07762367547434
11,0,0,434.56041175462383,83.47879967561441
11,0,1,428.6513528965456,306.4291835927624
11,0,2,453.30754522738846,332.4665473114566
11,0,3,213.14943371145608,321.5483909707085
11,0,4,138.69983708022949,318.193490439257
11,0,5,451.7886944443818,270.25871252533267
11,0,6,437.1880000012811,591.9103693716529
11,0,7,441.0991970159579,202.41427351009403
11,0,8,436.24915740959347,600.0
11,0,9,215.86931055028123,303.0199983256602
11,1,0,434.56041175462383,83.47879967561441
11,1,1,428.6513528965456,306.4291835927624
11,1,2,453.30754522738846,332.4665473114566
11,1,3,213.14943371145608,321.5483909707085
11,1,4,138.69983708022949,318.193490439257
11,1,5,451.7886944443818,270.25871252533267
11,1,6,437.1880000012811,591.9103693716529
11,1,7,441.0991970159579,202.41427351009403
11,1,8,436.24915740959347,600.0
11,1,9,215.86931055028123,303.0199983256602
11,2,0,434.56041175462383,83.47879967561441
11,2,1,428.6513528965456,306.4291835927624
11,2,2,453.30754522738846,332.4665473114566
11,2,3,213.14943371145608,321.5483909707085
11,2,4,138.69983708022949,318.193490439257
11,2,5,451.7886944443818,270.25871252533267
11,2,6,437.1880000012811,591.9103693716529
11,2,7,441.0991970159579,202.41427351009403
11,2,8,436.24915740959347,600.0
11,2,9,215.86931055028123,303.0199983256602
12,0,0,434.56041175462383,83.47879967561441
12,0,1,428.6513528965456,306.4291835927624
12,0,2,452.00020306029637,308.2906585214971
12,0,3,213.14943371145608,321.5483909707085
12,0,4,138.69983708022949,318.193490439257
12,0,5,451.7886944443818,270.25871252533267
12,0,6,437.1880000012811,591.9103693716529
12,0,7,441.0991970159579,202.41427351009403
12,0,8,436.24915740959347,600.0
12,0,9,215.86931055028123,303.0199983256602
12,1,0,434.56041175462383,83.47879967561441
12,1,1,428.6513528965456,306.4291835927624
12,1,2,452.00020306029637,308.2906585214971
12,1,3,213.14943371145608,321.5483909707085
12,1,4,138.69983708022949,318.193490439257
12,1,5,451.7886944443818,270.25871252533267
12,1,6,437.1880000012811,591.9103693716529
12,1,7,441.0991970159579,202.41427351009403
12,1,8,436.24915740959347,600.0
12,1,9,215.86931055028123,303.0199983256602
12,2,0,434.56041175462383,83.47879967561441
12,2,1,428.6513528965456,306.4291835927624
12,2,2,452.00020306029637,308.2906585214971
12,2,3,213.14943371145608,321.5483909707085
12,2,4,138.69983708022949,318.193490439257
12,2,5,451.7886944443818,270.25871252533267
12,2,6,437.1880000012811,591.9103693716529
12,2,7,441.0991970159579,202.41427351009403
12,2,8,534.9929742880711,595.4086948253413
12,2,9,215.86931055028123,303.0199983256602
13,0,0,438.0414920205328,126.96283476523962
13,0,1,428.6513528965456,306.4291835927624
13,0,2,452.00020306029637,308.2906585214971
13,0,3,213.14943371145608,321.5483909707085
13,0,4,138.69983708022949,318.193490439257
13,0,5,451.7886944443818,270.25871252533267
13,0,6,437.1880000012811,591.9103693716529
13,0,7,441.3112155815808,271.75388242879774
13,0,8,477.18741982211367,600.0
13,0,9,291.86291855371553,306.65981786636286
13,1,0,438.0414920205328,126.96283476523962
13,1,1,428.6513528965456,306.4291835927624
13,1,2,452.00020306029637,308.2906585214971
13,1,3,213.14943371145608,321.5483909707085
13,1,4,138.69983708022949,318.193490439257
13,1,5,451.7886944443818,270.25871252533267
13,1,6,437.1880000012811,591.9103693716529
13,1,7,441.3112155815808,271.75388242879774
13,1,8,477.18741982211367,600.0
13,1,9,291.86291855371553,306.65981786636286
13,2,0,438.0414920205328,126.96283476523962
13,2,1,410.3692167178233,132.990667908888
13,2,2,452.00020306029637,308.2906585214971
13,2,3,213.14943371145608,321.5483909707085
13,2,4,138.69983708022949,318.193490439257
13,2,5,451.7886944443818,270.25871252533267
13,2,6,437.1880000012811,591.9103693716529
13,2,7,441.3112155815808,271.75388242879774
13,2,8,477.18741982211367,600.0
13,2,9,291.86291855371553,306.65981786636286
14,0,0,438.0414920205328,126.96283476523962
14,0,1,424.10602574373036,159.38444967795294
14,0,2,452.00020306029637,308.2906585214971
14,0,3,213.14943371145608,321.5483909707085
14,0,4,138.69983708022949,318.193490439257
14,0,5,451.7886944443818,270.25871252533267
14,0,6,437.1880000012811,591.9103693716529
14,0,7,441.3112155815808,271.75388242879774
14,0,8,453.7607103101709,586.1837595164632
14,0,9,291.86291855371553,306.65981786636286
14,1,0,438.0414920205328,126.96283476523962
14,1,1,424.10602574373036,159.38444967795294
14,1,2,452.00020306029637,308.2906585214971
14,1,3,213.14943371145608,321.5483909707085
14,1,4,138.69983708022949,318.193490439257
14,1,5,451.7886944443818,270.25871252533267
14,1,6,437.1880000012811,591.9103693716529
14,1,7,441.3112155815808,271.75388242879774
14,1,8,453.7607103101709,586.1837595164632
14,1,9,291.86291855371553,306.65981786636286
14,2,0,438.0414920205328,126.96283476523962
14,2,1,424.10602574373036,159.38444967795294
14,2,2,452.00020306029637,308.2906585214971
14,2,3,213.14943371145608,321.5483909707085
14,2,4,138.69983708022949,318.193490439257
14,2,5,451.7886944443818,270.25871252533267
14,2,6,437.1880000012811,591.9103693716529
14,2,7,441.3112155815808,271.75388242879774
14,2,8,453.7607103101709,586.1837595164632
14,2,9,291.86291855371553,306.65981786636286
15,0,0,438.0414920205328,126.96283476523962
15,0,1,424.10602574373036,159.38444967795294
15,0,2,452.00020306029637,308.2906585214971
15,0,3,213.14943371145608,321.5483909707085
15,0,4,234.71627868344706,310.2094737044883
15,0,5,600.0,317.2642472990851
15,0,6,437.1880000012811,591.9103693716529
15,0,7,441.3112155815808,271.75388242879774
15,0,8,453.7607103101709,586.1837595164632
15,0,9,291.86291855371553,306.65981786636286
15,1,0,438.0414920205328,126.96283476523962
15,1,1,424.10602574373036,159.38444967795294
15,1,2,452.00020306029637,308.2906585214971
15,1,3,213.14943371145608,321.5483909707085
15,1,4,234.71627868344706,310.2094737044883
15,1,5,600.0,317.2642472990851
15,1,6,437.1880000012811,591.9103693716529
15,1,7,441.3112155815808,271.75388242879774
15,1,8,453.7607103101709,586.1837595164632
15,1,9,291.86291855371553,306.65981786636286
15,2,0,438.0414920205328,126.96283476523962
15,2,1,424.10602574373036,159.38444967795294
15,2,2,452.00020306029637,308.2906585214971
15,2,3,213.14943371145608,321.5483909707085
15,2,4,234.71627868344706,310.2094737044883
15,2,5,600.0,317.2642472990851
15,2,6,437.1880000012811,591.9103693716529
15,2,7,441.3112155815808,271.75388242879774
15,2,8,453.7607103101709,586.1837595164632
15,2,9,291.86291855371553,306.65981786636286
16,0,0,438.0414920205328,126.96283476523962
16,0,1,424.10602574373036,159.38444967795294
16,0,2,452.00020306029637,308.2906585214971
16,0,3,476.4761233602845,317.7789243816096
16,0,4,234.71627868344706,310.2094737044883
16,0,5,600.0,317.2642472990851
16,0,6,437.75603773069287,343.7630683509811
16,0,7,441.3112155815808,271.75388242879774
16,0,8,428.96199500019884,600.0
16,0,9,291.86291855371553,306.65981786636286
16,1,0,438.0414920205328,126.96283476523962
16,1,1,424.10602574373036,159.38444967795294
16,1,2,452.00020306029637,308.2906585214971
16,1,3,476.4761233602845,317.7789243816096
16,1,4,234.71627868344706,310.2094737044883
16,1,5,600.0,317.2642472990851
16,1,6,437.75603773069287,343.7630683509811
16,1,7,441.3112155815808,271.75388242879774
16,1,8,428.96199500019884,600.0
16,1,9,291.86291855371553,306.65981786636286
16,2,0,438.0414920205328,126.96283476523962
16,2,1,424.10602574373036,159.38444967795294
16,2,2,535.815314303765,497.78968983707273
16,2,3,476.4761233602845,317.7789243816096
16,2,4,234.71627868344706,310.2094737044883
16,2,5,600.0,317.2642472990851
16,2,6,437.75603773069287,343.7630683509811
16,2,7,441.3112155815808,271.75388242879774
16,2,8,428.96199500019884,600.0
16,2,9,291.86291855371553,306.65981786636286
17,0,0,438.0414920205328,126.96283476523962
17,0,1,424.10602574373036,159.38444967795294
17,0,2,553.645598769127,347.50976581099644
17,0,3,476.4761233602845,317.7789243816096
17,0,4,234.71627868344706,310.2094737044883
17,0,5,600.0,317.2642472990851
17,0,6,437.75603773069287,343.7630683509811
17,0,7,441.3112155815808,271.75388242879774
17,0,8,428.96199500019884,600.0
17,0,9,379.3359896123595,313.3408125327359
17,1,0,438.0414920205328,126.96283476523962
17,1,1,424.10602574373036,159.38444967795294
17,1,2,553.645598769127,347.50976581099644
17,1,3,476.4761233602845,317.7789243816096
17,1,4,234.71627868344706,310.2094737044883
17,1,5,600.0,317.2642472990851
17,1,6,437.75603773069287,343.7630683509811
17,1,7,441.3112155815808,271.75388242879774
17,1,8,428.96199500019884,600.0
17,1,9,379.3359896123595,313.3408125327359
17,2,0,478.24208364845174,159.74094215630703
17,2,1,424.10602574373036,159.38444967795294
17,2,2,553.645598769127,347.50976581099644
17,2,3,476.4761233602845,317.7789243816096
17,2,4,234.71627868344706,310.2094737044883
17,2,5,600.0,317.2642472990851
17,2,6,437.75603773069287,343.7630683509811
17,2,7,441.3112155815808,271.75388242879774
17,2,8,428.96199500019884,600.0
17,2,9,379.3359896123595,313.3408125327359
18,0,0,430.65574212992635,239.11058865428535
18,0,1,424.10602574373036,159.38444967795294
18,0,2,257.0524278247952,315.50323505930555
18,0,3,476.4761233602845,317.7789243816096
18,0,4,234.71627868344706,310.2094737044883
18,0,5,600.0,317.2642472990851
18,0,6,437.75603773069287,343.7630683509811
18,0,7,441.3112155815808,271.75388242879774
18,0,8,428.96199500019884,600.0
18,0,9,379.3359896123595,313.3408125327359
18,1,0,430.65574212992635,239.11058865428535
18,1,1,424.10602574373036,159.38444967795294
18,1,2,257.0524278247952,315.50323505930555
18,1,3,476.4761233602845,317.7789243816096
18,1,4,234.71627868344706,310.2094737044883
18,1,5,600.0,317.2642472990851
18,1,6,437.75603773069287,343.7630683509811
18,1,7,441.3112155815808,271.75388242879774
18,1,8,428.96199500019884,600.0
18,1,9,379.3359896123595,313.3408125327359
18,2,0,430.65574212992635,239.11058865428535
18,2,1,424.10602574373036,159.38444967795294
18,2,2,257.0524278247952,315.50323505930555
18,2,3,476.4761233602845,317.7789243816096
18,2,4,234.71627868344706,310.2094737044883
18,2,5,600.0,317.2642472990851
18,2,6,437.75603773069287,343.7630683509811
18,2,7,153.43227135873911,292.53517519353306
18,2,8,428.96199500019884,600.0
18,2,9,379.3359896123595,313.3408125327359
19,0,0,430.65574212992635,239.11058865428535
19,0,1,424.10602574373036,159.38444967795294
19,0,2,257.0524278247952,315.50323505930555
19,0,3,476.4761233602845,317.7789243816096
19,0,4,234.71627868344706,310.2094737044883
19,0,5,550.6107039450536,316.2794934709248
19,0,6,437.75603773069287,343.7630683509811
19,0,7,137.56835915766092,296.80293794494713
19,0,8,428.96199500019884,600.0
19,0,9,379.3359896123595,313.3408125327359
19,1,0,430.65574212992635,239.11058865428535
19,1,1,424.10602574373036,159.38444967795294
19,1,2,257.0524278247952,315.50323505930555
19,1,3,476.4761233602845,317.7789243816096
19,1,4,234.71627868344706,310.2094737044883
19,1,5,550.6107039450536,316.2794934709248
19,1,6,437.75603773069287,343.7630683509811
19,1,7,137.56835915766092,296.80293794494713
19,1,8,428.96199500019884,600.0
19,1,9,379.3359896123595,313.3408125327359
19,2,0,430.65574212992635,239.11058865428535
19,2,1,32.89101295976624,71.16385874654485
19,2,2,257.0524278247952,315.50323505930555
19,2,3,476.4761233602845,317.7789243816096
19,2,4,234.71627868344706,310.2094737044883
19,2,5,550.6107039450536,316.2794934709248
19,2,6,437.75603773069287,343.7630683509811
19,2,7,137.56835915766092,296.80293794494713
19,2,8,428.96199500019884,600.0
19,2,9,379.3359896123595,313.3408125327359
20,0,0,430.65574212992635,239.11058865428535
20,0,1,0.0,107.11492467670615
20,0,2,257.0524278247952,315.50323505930555
20,0,3,419.30225411121677,316.77341356304055
20,0,4,234.71627868344706,310.2094737044883
20,0,5,550.6107039450536,316.2794934709248
20,0,6,447.0679506850505,341.1743450154733
20,0,7,0.0,314.6965395294744
20,0,8,428.96199500019884,600.0
20,0,9,379.3359896123595,313.3408125327359
20,1,0,430.65574212992635,239.11058865428535
20,1,1,0.0,107.11492467670615
20,1,2,257.0524278247952,315.50323505930555
20,1,3,419.30225411121677,316.77341356304055
20,1,4,234.71627868344706,310.2094737044883
20,1,5,550.6107039450536,316.2794934709248
20,1,6,447.0679506850505,341.1743450154733
20,1,7,0.0,314.6965395294744
20,1,8,428.96199500019884,600.0
20,1,9,379.3359896123595,313.3408125327359
20,2,0,430.65574212992635,239.11058865428535
20,2,1,0.0,107.11492467670615
20,2,2,257.0524278247952,315.50323505930555
20,2,3,419.30225411121677,316.77341356304055
20,2,4,221.52922628237528,160.62668379930477
20,2,5,550.6107039450536,316.2794934709248
20,2,6,447.0679506850505,341.1743450154733
20,2,7,0.0,314.6965395294744
20,2,8,199.72524503880533,2.7629234318496287
20,2,9,379.3359896123595,313.3408125327359
21,0,0,457.9638160980302,266.29978778780884
21,0,1,0.0,107.11492467670615
21,0,2,257.0524278247952,315.50323505930555
21,0,3,439.96483488066104,326.7421640593172
21,0,4,201.46010816926824,226.6319742110357
21,0,5,471.04952252289775,312.080414794233
21,0,6,447.0679506850505,341.1743450154733
21,0,7,0.0,314.6965395294744
21,0,8,199.72524503880533,2.7629234318496287
21,0,9,379.3359896123595,313.3408125327359
21,1,0,457.9638160980302,266.29978778780884
21,1,1,0.0,107.11492467670615
21,1,2,257.0524278247952,315.50323505930555
21,1,3,439.96483488066104,326.7421640593172
21,1,4,201.46010816926824,226.6319742110357
21,1,5,471.04952252289775,312.080414794233
21,1,6,447.0679506850505,341.1743450154733
21,1,7,0.0,314.6965395294744
21,1,8,199.72524503880533,2.7629234318496287
21,1,9,379.3359896123595,313.3408125327359
21,2,0,457.9638160980302,266.29978778780884
21,2,1,0.0,107.11492467670615
21,2,2,257.0524278247952,315.50323505930555
21,2,3,439.96483488066104,326.7421640593172
21,2,4,201.46010816926824,226.6319742110357
21,2,5,471.04952252289775,312.080414794233
21,2,6,447.0679506850505,341.1743450154733
21,2,7,0.0,314.6965395294744
21,2,8,199.72524503880533,2.7629234318496287
21,2,9,379.3359896123595,313.3408125327359
22,0,0,512.352366640331,307.37836591131304
22,0,1,65.50889676853714,200.60046665199377
22,0,2,257.0524278247952,315.50323505930555
22,0,3,439.96483488066104,326.7421640593172
22,0,4,201.46010816926824,226.6319742110357
22,0,5,465.4082840280667,312.3213542826395
22,0,6,447.0679506850505,341.1743450154733
22,0,7,0.0,314.6965395294744
22,0,8,199.72524503880533,2.7629234318496287
22,0,9,379.3359896123595,313.3408125327359
22,1,0,512.352366640331,307.37836591131304
22,1,1,65.50889676853714,200.60046665199377
22,1,2,257.0524278247952,315.50323505930555
22,1,3,439.96483488066104,326.7421640593172
22,1,4,201.46010816926824,226.6319742110357
22,1,5,465.4082840280667,312.3213542826395
22,1,6,447.0679506850505,341.1743450154733
22,1,7,0.0,314.6965395294744
22,1,8,199.72524503880533,2.7629234318496287
22,1,9,379.3359896123595,313.3408125327359
22,2,0,512.352366640331,307.37836591131304
22,2,1,65.50889676853714,200.60046665199377
22,2,2,257.0524278247952,315.50323505930555
22,2,3,439.96483488066104,326.7421640593172
22,2,4,201.46010816926824,226.6319742110357
22,2,5,465.4082840280667,312.3213542826395
22,2,6,447.0679506850505,341.1743450154733
22,2,7,0.0,314.6965395294744
22,2,8,199.72524503880533,2.7629234318496287
22,2,9,108.33690773637323,328.8347951564103
23,0,0,512.352366640331,307.37836591131304
23,0,1,0.0,284.9231235705074
23,0,2,257.0524278247952,315.50323505930555
23,0,3,439.96483488066104,326.7421640593172
23,0,4,201.46010816926824,226.6319742110357
23,0,5,465.4082840280667,312.3213542826395
23,0,6,447.0679506850505,341.1743450154733
23,0,7,0.0,314.6965395294744
23,0,8,200.41476205908336,0.0
23,0,9,352.202632727246,328.711698568733
23,1,0,512.352366640331,307.37836591131304
23,1,1,0.0,284.9231235705074
23,1,2,257.0524278247952,315.50323505930555
23,1,3,439.96483488066104,326.7421640593172
23,1,4,201.46010816926824,226.6319742110357
23,1,5,465.4082840280667,312.3213542826395
23,1,6,447.0679506850505,341.1743450154733
23,1,7,0.0,314.6965395294744
23,1,8,200.41476205908336,0.0
23,1,9,352.202632727246,328.711698568733
23,2,0,512.352366640331,307.37836591131304
23,2,1,0.0,284.9231235705074
23,2,2,312.41081424902035,322.04455953713494
23,2,3,439.96483488066104,326.7421640593172
23,2,4,201.46010816926824,226.6319742110357
23,2,5,465.4082840280667,312.3213542826395
23,2,6,447.0679506850505,341.1743450154733
23,2,7,0.0,314.6965395294744
23,2,8,200.41476205908336,0.0
23,2,9,352.202632727246,328.711698568733
24,0,0,512.352366640331,307.37836591131304
24,0,1,0.0,284.9231235705074
24,0,2,312.41081424902035,322.04455953713494
24,0,3,439.96483488066104,326.7421640593172
24,0,4,201.46010816926824,226.6319742110357
24,0,5,465.4082840280667,312.3213542826395
24,0,6,447.0679506850505,341.1743450154733
24,0,7,0.0,314.6965395294744
24,0,8,388.8399369594679,0.0
24,0,9,395.59370686865816,336.56339469744205
24,1,0,512.352366640331,307.37836591131304
24,1,1,0.0,284.9231235705074
24,1,2,312.41081424902035,322.04455953713494
24,1,3,439.96483488066104,326.7421640593172
24,1,4,201.46010816926824,226.6319742110357
24,1,5,465.4082840280667,312.3213542826395
24,1,6,447.0679506850505,341.1743450154733
24,1,7,0.0,314.6965395294744
24,1,8,388.8399369594679,0.0
24,1,9,395.59370686865816,336.56339469744205
24,2,0,512.352366640331,307.37836591131304
24,2,1,0.0,284.9231235705074
24,2,2,312.41081424902035,322.04455953713494
24,2,3,439.96483488066104,326.7421640593172
24,2,4,201.46010816926824,226.6319742110357
24,2,5,465.4082840280667,312.3213542826395
24,2,6,240.1292857419869,216.5911278507198
24,2,7,0.0,314.6965395294744
24,2,8,388.8399369594679,0.0
24,2,9,395.59370686865816,336.56339469744205
25,0,0,568.3642521627723,312.79038601837306
25,0,1,0.0,284.9231235705074
25,0,2,312.41081424902035,322.04455953713494
25,0,3,439.96483488066104,326.7421640593172
25,0,4,0.0,269.5222831392016
25,0,5,465.4082840280667,312.3213542826395
25,0,6,240.1292857419869,216.5911278507198
25,0,7,0.0,314.6965395294744
25,0,8,388.8399369594679,0.0
25,0,9,484.3393963768604,325.46381089548413
25,1,0,568.3642521627723,312.79038601837306
25,1,1,0.0,284.9231235705074
25,1,2,312.41081424902035,322.04455953713494
25,1,3,439.96483488066104,326.7421640593172
25,1,4,0.0,269.5222831392016
25,1,5,465.4082840280667,312.3213542826395
25,1,6,240.1292857419869,216.5911278507198
25,1,7,0.0,314.6965395294744
25,1,8,388.8399369594679,0.0
25,1,9,484.3393963768604,325.46381089548413
25,2,0,568.3642521627723,312.79038601837306
25,2,1,0.0,284.9231235705074
25,2,2,312.41081424902035,322.04455953713494
25,2,3,174.68199891315274,359.0280930828036
25,2,4,0.0,269.5222831392016
25,2,5,465.4082840280667,312.3213542826395
25,2,6,240.1292857419869,216.5911278507198
25,2,7,230.96549132880693,580.9453641423522
25,2,8,388.8399369594679,0.0
25,2,9,484.3393963768604,325.46381089548413
26,0,0,568.3642521627723,312.79038601837306
26,0,1,0.0,284.9231235705074
26,0,2,312.41081424902035,322.04455953713494
26,0,3,0.0,352.9855211066423
26,0,4,0.0,311.9512984358095
26,0,5,465.4082840280667,312.3213542826395
26,0,6,103.58823413885156,255.58625720135328
26,0,7,230.96549132880693,580.9453641423522
26,0,8,388.8399369594679,0.0
26,0,9,484.3393963768604,325.46381089548413
26,1,0,568.3642521627723,312.79038601837306
26,1,1,0.0,284.9231235705074
26,1,2,312.41081424902035,322.04455953713494
26,1,3,0.0,352.9855211066423
26,1,4,0.0,311.9512984358095
26,1,5,465.4082840280667,312.3213542826395
26,1,6,103.58823413885156,255.58625720135328
26,1,7,230.96549132880693,580.9453641423522
26,1,8,388.8399369594679,0.0
26,1,9,484.3393963768604,325.46381089548413
26,2,0,568.3642521627723,312.79038601837306
26,2,1,0.0,284.9231235705074
26,2,2,312.41081424902035,322.04455953713494
26,2,3,0.0,352.9855211066423
26,2,4,0.0,311.9512984358095
26,2,5,465.4082840280667,312.3213542826395
26,2,6,103.58823413885156,255.58625720135328
26,2,7,230.96549132880693,580.9453641423522
26,2,8,388.8399369594679,0.0
26,2,9,484.3393963768604,325.46381089548413
27,0,0,568.3642521627723,312.79038601837306
27,0,1,155.60593746546533,313.0382799669171
27,0,2,312.41081424902035,322.04455953713494
27,0,3,0.0,352.9855211066423
27,0,4,0.0,311.9512984358095
27,0,5,465.4082840280667,312.3213542826395
27,0,6,362.90529732500255,208.4593448542949
27,0,7,311.7354600150022,548.7632552470423
27,0,8,388.8399369594679,0.0
27,0,9,484.3393963768604,325.46381089548413
27,1,0,568.3642521627723,312.79038601837306
27,1,1,155.60593746546533,313.0382799669171
27,1,2,312.41081424902035,322.04455953713494
27,1,3,0.0,352.9855211066423
27,1,4,0.0,311.9512984358095
27,1,5,465.4082840280667,312.3213542826395
27,1,6,362.90529732500255,208.4593448542949
27,1,7,311.7354600150022,548.7632552470423
27,1,8,388.8399369594679,0.0
27,1,9,484.3393963768604,325.46381089548413
27,2,0,568.3642521627723,312.79038601837306
27,2,1,155.60593746546533,313.0382799669171
27,2,2,312.41081424902035,322.04455953713494
27,2,3,0.0,352.9855211066423
27,2,4,0.0,311.9512984358095
27,2,5,303.0844696240292,464.202552622488
27,2,6,362.90529732500255,208.4593448542949
27,2,7,311.7354600150022,548.7632552470423
27,2,8,388.8399369594679,0.0
27,2,9,484.3393963768604,325.46381089548413
28,0,0,568.3642521627723,312.79038601837306
28,0,1,436.7218991728911,322.3079767321835
28,0,2,312.41081424902035,322.04455953713494
28,0,3,0.0,352.9855211066423
28,0,4,0.0,312.4464206728908
28,0,5,322.43176052590616,600.0
28,0,6,410.85160267514436,168.17892966437893
28,0,7,311.7354600150022,548.7632552470423
28,0,8,388.8399369594679,0.0
28,0,9,484.3393963768604,325.46381089548413
28,1,0,538.6801193937972,312.6327430197129
28,1,1,436.7218991728911,322.3079767321835
28,1,2,312.41081424902035,322.04455953713494
28,1,3,0.0,352.9855211066423
28,1,4,0.0,312.4464206728908
28,1,5,322.43176052590616,600.0
28,1,6,410.85160267514436,168.17892966437893
28,1,7,311.7354600150022,548.7632552470423
28,1,8,388.8399369594679,0.0
28,1,9,484.3393963768604,325.46381089548413
28,2,0,538.6801193937972,312.6327430197129
28,2,1,436.7218991728911,322.3079767321835
28,2,2,514.7860154167679,378.3994568904636
28,2,3,0.0,352.9855211066423
28,2,4,0.0,312.4464206728908
28,2,5,322.43176052590616,600.0
28,2,6,410.85160267514436,168.17892966437893
28,2,7,311.7354600150022,548.7632552470423
28,2,8,388.8399369594679,0.0
28,2,9,484.3393963768604,325.46381089548413
29,0,0,538.6801193937972,312.6327430197129
29,0,1,436.7218991728911,322.3079767321835
29,0,2,514.7860154167679,378.3994568904636
29,0,3,0.0,352.9855211066423
29,0,4,0.0,312.4464206728908
29,0,5,326.9818906996821,557.6111939442693
29,0,6,410.85160267514436,168.17892966437893
29,0,7,311.7354600150022,548.7632552470423
29,0,8,388.8399369594679,0.0
29,0,9,484.3393963768604,325.46381089548413
29,1,0,538.6801193937972,312.6327430197129
29,1,1,436.7218991728911,322.3079767321835
29,1,2,514.7860154167679,378.3994568904636
29,1,3,0.0,352.9855211066423
29,1,4,0.0,312.4464206728908
29,1,5,326.9818906996821,557.6111939442693
29,1,6,410.85160267514436,168.17892966437893
29,1,7,311.7354600150022,548.7632552470423
29,1,8,388.8399369594679,0.0
29,1,9,484.3393963768604,325.46381089548413
29,2,0,538.6801193937972,312.6327430197129
29,2,1,436.7218991728911,322.3079767321835
29,2,2,514.7860154167679,378.3994568904636
29,2,3,0.0,352.9855211066423
29,2,4,0.0,312.4464206728908
29,2,5,326.9818906996821,557.6111939442693
29,2,6,410.85160267514436,168.17892966437893
29,2,7,311.7354600150022,548.7632552470423
29,2,8,272.7363931025824,86.58821962747338
29,2,9,484.3393963768604,325.46381089548413
30,0,0,399.14970006088765,308.3940108977647
30,0,1,436.7218991728911,322.3079767321835
30,0,2,514.7860154167679,378.3994568904636
30,0,3,203.67474857797578,305.9585941684685
30,0,4,0.0,312.4464206728908
30,0,5,326.9818906996821,557.6111939442693
30,0,6,431.5911648991739,181.8858010846204
30,0,7,311.7354600150022,548.7632552470423
30,0,8,308.0692569882949,315.5128759745865
30,0,9,432.9071013829054,342.29391880967904
30,1,0,399.14970006088765,308.3940108977647
30,1,1,436.7218991728911,322.3079767321835
30,1,2,514.7860154167679,378.3994568904636
30,1,3,203.67474857797578,305.9585941684685
30,1,4,0.0,312.4464206728908
30,1,5,326.9818906996821,557.6111939442693
30,1,6,431.5911648991739,181.8858010846204
30,1,7,311.7354600150022,548.7632552470423
30,1,8,308.0692569882949,315.5128759745865
30,1,9,432.9071013829054,342.29391880967904
30,2,0,399.14970006088765,308.3940108977647
30,2,1,436.7218991728911,322.3079767321835
30,2,2,514.7860154167679,378.3994568904636
30,2,3,203.67474857797578,305.9585941684685
30,2,4,0.0,312.4464206728908
30,2,5,326.9818906996821,557.6111939442693
30,2,6,431.5911648991739,181.8858010846204
30,2,7,311.7354600150022,548.7632552470423
30,2,8,308.0692569882949,315.5128759745865
30,2,9,432.9071013829054,342.29391880967904
31,0,0,399.14970006088765,308.3940108977647
31,0,1,436.7218991728911,322.3079767321835
31,0,2,600.0,272.270250501214
31,0,3,203.67474857797578,305.9585941684685
31,0,4,375.6335968026691,313.8211189889105
31,0,5,326.9818906996821,557.6111939442693
31,0,6,432.70295286611935,35.96451886170979
31,0,7,311.7354600150022,548.7632552470423
31,0,8,308.0692569882949,315.5128759745865
31,0,9,432.9071013829054,342.29391880967904
31,1,0,399.14970006088765,308.3940108977647
31,1,1,436.7218991728911,322.3079767321835
31,1,2,600.0,272.270250501214
31,1,3,203.67474857797578,305.9585941684685
31,1,4,375.6335968026691,313.8211189889105
31,1,5,326.9818906996821,557.6111939442693
31,1,6,432.70295286611935,35.96451886170979
31,1,7,311.7354600150022,548.7632552470423
31,1,8,308.0692569882949,315.5128759745865
31,1,9,432.9071013829054,342.29391880967904
31,2,0,399.14970006088765,308.3940108977647
31,2,1,436.7218991728911,322.3079767321835
31,2,2,600.0,272.270250501214
31,2,3,203.67474857797578,305.9585941684685
31,2,4,375.6335968026691,313.8211189889105
31,2,5,326.9818906996821,557.6111939442693
31,2,6,432.70295286611935,35.96451886170979
31,2,7,311.7354600150022,548.7632552470423
31,2,8,308.0692569882949,315.5128759745865
31,2,9,432.9071013829054,342.29391880967904
32,0,0,399.14970006088765,308.3940108977647
32,0,1,437.43992422256343,322.04020930698147
32,0,2,600.0,310.27617502518734
32,0,3,310.27672620160934,308.50389755367974
32,0,4,375.6335968026691,313.8211189889105
32,0,5,326.9818906996821,557.6111939442693
32,0,6,432.70295286611935,35.96451886170979
32,0,7,421.4524185523441,600.0
32,0,8,308.0692569882949,315.5128759745865
32,0,9,432.9071013829054,342.29391880967904
32,1,0,399.14970006088765,308.3940108977647
32,1,1,437.43992422256343,322.04020930698147
32,1,2,600.0,310.27617502518734
32,1,3,310.27672620160934,308.50389755367974
32,1,4,375.6335968026691,313.8211189889105
32,1,5,326.9818906996821,557.6111939442693
32,1,6,432.70295286611935,35.96451886170979
32,1,7,421.4524185523441,600.0
32,1,8,308.0692569882949,315.5128759745865
32,1,9,432.9071013829054,342.29391880967904
32,2,0,399.14970006088765,308.3940108977647
32,2,1,437.43992422256343,322.04020930698147
32,2,2,600.0,310.27617502518734
32,2,3,310.27672620160934,308.50389755367974
32,2,4,375.6335968026691,313.8211189889105
32,2,5,326.9818906996821,557.6111939442693
32,2,6,432.70295286611935,35.96451886170979
32,2,7,421.4524185523441,600.0
32,2,8,308.0692569882949,315.5128759745865
32,2,9,432.9071013829054,342.29391880967904
33,0,0,417.0598441084686,307.36472173877513
33,0,1,437.43992422256343,322.04020930698147
33,0,2,600.0,310.27617502518734
33,0,3,265.38875948966216,309.39487056713455
33,0,4,390.5217960092353,310.3703864293796
33,0,5,328.3346098356158,532.1470649026347
33,0,6,437.3255776503091,153.14370828586905
33,0,7,421.4524185523441,600.0
33,0,8,308.0692569882949,315.5128759745865
33,0,9,432.9071013829054,342.29391880967904
33,1,0,417.0598441084686,307.36472173877513
33,1,1,437.43992422256343,322.04020930698147
33,1,2,600.0,310.27617502518734
33,1,3,265.38875948966216,309.39487056713455
33,1,4,390.5217960092353,310.3703864293796
33,1,5,328.3346098356158,532.1470649026347
33,1,6,437.3255776503091,153.14370828586905
33,1,7,421.4524185523441,600.0
33,1,8,308.0692569882949,315.5128759745865
33,1,9,432.9071013829054,342.29391880967904
33,2,0,417.0598441084686,307.36472173877513
33,2,1,437.43992422256343,322.04020930698147
33,2,2,600.0,310.27617502518734
33,2,3,265.38875948966216,309.39487056713455
33,2,4,390.5217960092353,310.3703864293796
33,2,5,328.3346098356158,532.1470649026347
33,2,6,437.3255776503091,153.14370828586905
33,2,7,421.4524185523441,600.0
33,2,8,308.0692569882949,315.5128759745865
33,2,9,432.9071013829054,342.29391880967904
34,0,0,417.0598441084686,307.36472173877513
34,0,1,437.43992422256343,322.04020930698147
34,0,2,484.1554432992915,309.1817933213831
34,0,3,417.5024286568758,301.6082844967564
34,0,4,390.5217960092353,310.3703864293796
34,0,5,328.3346098356158,532.1470649026347
34,0,6,437.30068528717203,212.51763577734374
34,0,7,421.4524185523441,600.0
34,0,8,308.0692569882949,315.5128759745865
34,0,9,436.521354911976,289.1236503852869
34,1,0,417.0598441084686,307.36472173877513
34,1,1,437.43992422256343,322.04020930698147
34,1,2,484.1554432992915,309.1817933213831
34,1,3,417.5024286568758,301.6082844967564
34,1,4,390.5217960092353,310.3703864293796
34,1,5,328.3346098356158,532.1470649026347
34,1,6,437.30068528717203,212.51763577734374
34,1,7,421.4524185523441,600.0
34,1,8,308.0692569882949,315.5128759745865
34,1,9,436.521354911976,289.1236503852869
34,2,0,417.0598441084686,307.36472173877513
34,2,1,437.43992422256343,322.04020930698147
34,2,2,484.1554432992915,309.1817933213831
34,2,3,417.5024286568758,301.6082844967564
34,2,4,390.5217960092353,310.3703864293796
34,2,5,328.3346098356158,532.1470649026347
34,2,6,437.30068528717203,212.51763577734374
34,2,7,421.4524185523441,600.0
34,2,8,523.1745235593293,350.9897635346378
34,2,9,436.521354911976,289.1236503852869
35,0,0,417.0598441084686,307.36472173877513
35,0,1,437.43992422256343,322.04020930698147
35,0,2,469.9875579253873,324.3282582634685
35,0,3,417.5024286568758,301.6082844967564
35,0,4,390.5217960092353,310.3703864293796
35,0,5,328.3346098356158,532.1470649026347
35,0,6,437.30068528717203,212.51763577734374
35,0,7,438.0981859057358,403.0712169291808
35,0,8,523.1745235593293,350.9897635346378
35,0,9,436.521354911976,289.1236503852869
35,1,0,417.0598441084686,307.36472173877513
35,1,1,437.43992422256343,322.04020930698147
35,1,2,469.9875579253873,324.3282582634685
35,1,3,417.5024286568758,301.6082844967564
35,1,4,390.5217960092353,310.3703864293796
35,1,5,328.3346098356158,532.1470649026347
35,1,6,437.30068528717203,212.51763577734374
35,1,7,438.0981859057358,403.0712169291808
35,1,8,523.1745235593293,350.9897635346378
35,1,9,441.050079043597,298.8336852640298
35,2,0,417.0598441084686,307.36472173877513
35,2,1,380.458704615006,176.29303595952888
35,2,2,469.9875579253873,324.3282582634685
35,2,3,417.5024286568758,301.6082844967564
35,2,4,390.5217960092353,310.3703864293796
35,2,5,328.3346098356158,532.1470649026347
35,2,6,437.30068528717203,212.51763577734374
35,2,7,438.0981859057358,403.0712169291808
35,2,8,523.1745235593293,350.9897635346378
35,2,9,441.050079043597,298.8336852640298
36,0,0,427.8516979790949,307.504911653915
36,0,1,395.132623640848,33.14460557177006
36,0,2,469.9875579253873,324.3282582634685
36,0,3,417.5024286568758,301.6082844967564
36,0,4,390.5217960092353,310.3703864293796
36,0,5,369.4634978997025,323.0554951706289
36,0,6,411.94682701711605,318.31405007610556
36,0,7,441.8688431599696,317.4830365800632
36,0,8,483.14796231849994,338.49469613445416
36,0,9,440.84598335264855,313.65722826525746
36,1,0,427.8516979790949,307.504911653915
36,1,1,395.132623640848,33.14460557177006
36,1,2,469.9875579253873,324.3282582634685
36,1,3,417.5024286568758,301.6082844967564
36,1,4,390.5217960092353,310.3703864293796
36,1,5,369.4634978997025,323.0554951706289
36,1,6,411.94682701711605,318.31405007610556
36,1,7,441.8688431599696,317.4830365800632
36,1,8,483.14796231849994,338.49469613445416
36,1,9,440.84598335264855,313.65722826525746
36,2,0,427.8516979790949,307.504911653915
36,2,1,395.132623640848,33.14460557177006
36,2,2,469.9875579253873,324.3282582634685
36,2,3,417.5024286568758,301.6082844967564
36,2,4,390.5217960092353,310.3703864293796
36,2,5,369.4634978997025,323.0554951706289
36,2,6,411.94682701711605,318.31405007610556
36,2,7,441.8688431599696,317.4830365800632
36,2,8,483.14796231849994,338.49469613445416
36,2,9,440.84598335264855,313.65722826525746
37,0,0,433.15928913796586,310.04339301574294
37,0,1,399.27340113677883,138.41799497245663
37,0,2,469.9875579253873,324.3282582634685
37,0,3,417.5024286568758,301.6082844967564
37,0,4,390.5217960092353,310.3703864293796
37,0,5,380.068581812017,320.4404655378511
37,0,6,411.94682701711605,318.31405007610556
37,0,7,441.8688431599696,317.4830365800632
37,0,8,465.90255669526687,319.73750995463354
37,0,9,440.84598335264855,313.65722826525746
37,1,0,433.15928913796586,310.04339301574294
37,1,1,399.27340113677883,138.41799497245663
37,1,2,469.9875579253873,324.3282582634685
37,1,3,417.5024286568758,301.6082844967564
37,1,4,390.5217960092353,310.3703864293796
37,1,5,380.068581812017,320.4404655378511
37,1,6,411.94682701711605,318.31405007610556
37,1,7,441.8688431599696,317.4830365800632
37,1,8,465.90255669526687,319.73750995463354
37,1,9,440.84598335264855,313.65722826525746
37,2,0,433.15928913796586,310.04339301574294
37,2,1,399.27340113677883,138.41799497245663
37,2,2,469.9875579253873,324.3282582634685
37,2,3,417.5024286568758,301.6082844967564
37,2,4,363.6611512627235,494.4075170800664
37,2,5,380.068581812017,320.4404655378511
37,2,6,411.94682701711605,318.31405007610556
37,2,7,441.8688431599696,317.4830365800632
37,2,8,465.90255669526687,319.73750995463354
37,2,9,440.84598335264855,313.65722826525746
38,0,0,433.15928913796586,310.04339301574294
38,0,1,407.4164719670582,120.52258967630986
38,0,2,473.40346073262396,317.5849833451221
38,0,3,428.1620290657777,303.99644406031916
38,0,4,304.2404143957122,524.8802072251646
38,0,5,380.068581812017,320.4404655378511
38,0,6,411.94682701711605,318.31405007610556
38,0,7,441.8688431599696,317.4830365800632
38,0,8,459.49837349817386,320.9425051915536
38,0,9,440.84598335264855,313.65722826525746
38,1,0,433.15928913796586,310.04339301574294
38,1,1,407.4164719670582,120.52258967630986
38,1,2,473.40346073262396,317.5849833451221
38,1,3,428.1620290657777,303.99644406031916
38,1,4,304.2404143957122,524.8802072251646
38,1,5,380.068581812017,320.4404655378511
38,1,6,411.94682701711605,318.31405007610556
38,1,7,441.8688431599696,317.4830365800632
38,1,8,459.49837349817386,320.9425051915536
38,1,9,440.84598335264855,313.65722826525746
38,2,0,433.15928913796586,310.04339301574294
38,2,1,407.4164719670582,120.52258967630986
38,2,2,473.40346073262396,317.5849833451221
38,2,3,428.1620290657777,303.99644406031916
38,2,4,304.2404143957122,524.8802072251646
38,2,5,380.068581812017,320.4404655378511
38,2,6,411.94682701711605,318.31405007610556
38,2,7,441.8688431599696,317.4830365800632
38,2,8,459.49837349817386,320.9425051915536
38,2,9,440.84598335264855,313.65722826525746
39,0,0,433.15928913796586,310.04339301574294
39,0,1,413.4428651191281,64.85736285197984
39,0,2,473.40346073262396,317.5849833451221
39,0,3,428.1620290657777,303.99644406031916
39,0,4,304.2404143957122,524.8802072251646
39,0,5,382.8231340956998,320.5638924163553
39,0,6,411.94682701711605,318.31405007610556
39,0,7,441.8688431599696,317.4830365800632
39,0,8,459.49837349817386,320.9425051915536
39,0,9,440.84598335264855,313.65722826525746
39,1,0,433.15928913796586,310.04339301574294
39,1,1,413.4428651191281,64.85736285197984
39,1,2,473.40346073262396,317.5849833451221
39,1,3,428.1620290657777,303.99644406031916
39,1,4,304.2404143957122,524.8802072251646
39,1,5,382.8231340956998,320.5638924163553
39,1,6,411.94682701711605,318.31405007610556
39,1,7,441.8688431599696,317.4830365800632
39,1,8,459.49837349817386,320.9425051915536
39,1,9,440.84598335264855,313.65722826525746
39,2,0,433.15928913796586,310.04339301574294
39,2,1,413.4428651191281,64.85736285197984
39,2,2,473.40346073262396,317.5849833451221
39,2,3,428.1620290657777,303.99644406031916
39,2,4,304.2404143957122,524.8802072251646
39,2,5,382.8231340956998,320.5638924163553
39,2,6,411.94682701711605,318.31405007610556
39,2,7,571.9885071789681,172.91382992427913
39,2,8,459.49837349817386,320.9425051915536
39,2,9,440.84598335264855,313.65722826525746
40,0,0,433.15928913796586,310.04339301574294
40,0,1,413.4428651191281,64.85736285197984
40,0,2,473.40346073262396,317.5849833451221
40,0,3,428.1620290657777,303.99644406031916
40,0,4,304.2404143957122,524.8802072251646
40,0,5,399.777086047455,322.53597227501524
40,0,6,411.94682701711605,318.31405007610556
40,0,7,556.3903377194547,281.8085297029901
40,0,8,459.49837349817386,320.9425051915536
40,0,9,440.84598335264855,313.65722826525746
40,1,0,433.15928913796586,310.04339301574294
40,1,1,413.4428651191281,64.85736285197984
40,1,2,473.40346073262396,317.5849833451221
40,1,3,428.1620290657777,303.99644406031916
40,1,4,304.2404143957122,524.8802072251646
40,1,5,399.777086047455,322.53597227501524
40,1,6,433.14195057741955,316.6405223348992
40,1,7,556.3903377194547,281.8085297029901
40,1,8,459.49837349817386,320.9425051915536
40,1,9,440.84598335264855,313.65722826525746
40,2,0,433.15928913796586,310.04339301574294
40,2,1,413.4428651191281,64.85736285197984
40,2,2,473.40346073262396,317.5849833451221
40,2,3,428.1620290657777,303.99644406031916
40,2,4,304.2404143957122,524.8802072251646
40,2,5,399.777086047455,322.53597227501524
40,2,6,433.14195057741955,316.6405223348992
40,2,7,556.3903377194547,281.8085297029901
40,2,8,459.49837349817386,320.9425051915536
40,2,9,115.23690528368648,219.8167206038483
41,0,0,433.15928913796586,310.04339301574294
41,0,1,423.97618006533025,49.6418610148355
41,0,2,473.40346073262396,317.5849833451221
41,0,3,428.1620290657777,303.99644406031916
41,0,4,304.2404143957122,524.8802072251646
41,0,5,399.777086047455,322.53597227501524
41,0,6,433.14195057741955,316.6405223348992
41,0,7,445.5987793220654,294.0409911389449
41,0,8,439.059343060165,318.65398778074814
41,0,9,115.23690528368648,219.8167206038483
41,1,0,433.15928913796586,310.04339301574294
41,1,1,423.97618006533025,49.6418610148355
41,1,2,473.40346073262396,317.5849833451221
41,1,3,428.1620290657777,303.99644406031916
41,1,4,304.2404143957122,524.8802072251646
41,1,5,399.777086047455,322.53597227501524
41,1,6,433.14195057741955,316.6405223348992
41,1,7,445.5987793220654,294.0409911389449
41,1,8,439.059343060165,318.65398778074814
41,1,9,115.23690528368648,219.8167206038483
41,2,0,433.15928913796586,310.04339301574294
41,2,1,423.97618006533025,49.6418610148355
41,2,2,473.40346073262396,317.5849833451221
41,2,3,428.1620290657777,303.99644406031916
41,2,4,304.2404143957122,524.8802072251646
41,2,5,399.777086047455,322.53597227501524
41,2,6,433.14195057741955,316.6405223348992
41,2,7,445.5987793220654,294.0409911389449
41,2,8,439.059343060165,318.65398778074814
41,2,9,115.23690528368648,219.8167206038483
42,0,0,433.15928913796586,310.04339301574294
42,0,1,423.97618006533025,49.6418610148355
42,0,2,473.40346073262396,317.5849833451221
42,0,3,428.1620290657777,303.99644406031916
42,0,4,304.2404143957122,524.8802072251646
42,0,5,411.14483752285366,325.65810196516605
42,0,6,433.14195057741955,316.6405223348992
42,0,7,432.00247263335586,301.2934545666607
42,0,8,439.059343060165,318.65398778074814
42,0,9,382.20485274345174,322.3014399509709
42,1,0,433.15928913796586,310.04339301574294
42,1,1,423.97618006533025,49.6418610148355
42,1,2,473.40346073262396,317.5849833451221
42,1,3,428.1620290657777,303.99644406031916
42,1,4,304.2404143957122,524.8802072251646
42,1,5,411.14483752285366,325.65810196516605
42,1,6,433.14195057741955,316.6405223348992
42,1,7,432.00247263335586,301.2934545666607
42,1,8,439.059343060165,318.65398778074814
42,1,9,433.7193444093254,326.7581679781438
42,2,0,415.57596900714105,419.4682449848955
42,2,1,423.97618006533025,49.6418610148355
42,2,2,473.40346073262396,317.5849833451221
42,2,3,428.1620290657777,303.99644406031916
42,2,4,304.2404143957122,524.8802072251646
42,2,5,411.14483752285366,325.65810196516605
42,2,6,433.14195057741955,316.6405223348992
42,2,7,432.00247263335586,301.2934545666607
42,2,8,439.059343060165,318.65398778074814
42,2,9,433.7193444093254,326.7581679781438
43,0,0,415.57596900714105,419.4682449848955
43,0,1,429.1880816540634,184.065002524548
43,0,2,473.40346073262396,317.5849833451221
43,0,3,429.4135103656904,322.4988580572621
43,0,4,416.09751987688537,383.15417848071877
43,0,5,411.14483752285366,325.65810196516605
43,0,6,433.14195057741955,316.6405223348992
43,0,7,432.00247263335586,301.2934545666607
43,0,8,439.059343060165,318.65398778074814
43,0,9,433.7193444093254,326.7581679781438
43,1,0,415.57596900714105,419.4682449848955
43,1,1,429.1880816540634,184.065002524548
43,1,2,473.40346073262396,317.5849833451221
43,1,3,429.4135103656904,322.4988580572621
43,1,4,416.09751987688537,383.15417848071877
43,1,5,411.14483752285366,325.65810196516605
43,1,6,433.14195057741955,316.6405223348992
43,1,7,432.00247263335586,301.2934545666607
43,1,8,439.059343060165,318.65398778074814
43,1,9,433.7193444093254,326.7581679781438
43,2,0,415.57596900714105,419.4682449848955
43,2,1,429.1880816540634,184.065002524548
43,2,2,508.8509012512719,529.656868875539
43,2,3,429.4135103656904,322.4988580572621
43,2,4,416.09751987688537,383.15417848071877
43,2,5,411.14483752285366,325.65810196516605
43,2,6,433.14195057741955,316.6405223348992
43,2,7,432.00247263335586,301.2934545666607
43,2,8,439.059343060165,318.65398778074814
43,2,9,433.7193444093254,326.7581679781438
44,0,0,415.57596900714105,419.4682449848955
44,0,1,435.37227954696806,232.77889111094132
44,0,2,508.8509012512719,529.656868875539
44,0,3,429.4135103656904,322.4988580572621
44,0,4,417.3561198335717,410.3103143336005
44,0,5,409.6878412534604,323.7422493987286
44,0,6,434.8340732859004,316.0693171071997
44,0,7,432.00247263335586,301.2934545666607
44,0,8,439.059343060165,318.65398778074814
44,0,9,433.7193444093254,326.7581679781438
44,1,0,415.57596900714105,419.4682449848955
44,1,1,435.37227954696806,232.77889111094132
44,1,2,508.8509012512719,529.656868875539
44,1,3,435.77259652030807,321.3497996327787
44,1,4,417.3561198335717,410.3103143336005
44,1,5,409.6878412534604,323.7422493987286
44,1,6,434.8340732859004,316.0693171071997
44,1,7,432.00247263335586,301.2934545666607
44,1,8,439.059343060165,318.65398778074814
44,1,9,433.7193444093254,326.7581679781438
44,2,0,415.57596900714105,419.4682449848955
44,2,1,435.37227954696806,232.77889111094132
44,2,2,508.8509012512719,529.656868875539
44,2,3,435.77259652030807,321.3497996327787
44,2,4,417.3561198335717,410.3103143336005
44,2,5,409.6878412534604,323.7422493987286
44,2,6,434.8340732859004,316.0693171071997
44,2,7,432.00247263335586,301.2934545666607
44,2,8,439.059343060165,318.65398778074814
44,2,9,433.7193444093254,326.7581679781438
45,0,0,415.57596900714105,419.4682449848955
45,0,1,435.37227954696806,232.77889111094132
45,0,2,508.8509012512719,529.656868875539
45,0,3,435.77259652030807,321.3497996327787
45,0,4,417.3561198335717,410.3103143336005
45,0,5,409.6878412534604,323.7422493987286
45,0,6,434.8340732859004,316.0693171071997
45,0,7,432.00247263335586,301.2934545666607
45,0,8,443.051729215505,317.0234385253743
45,0,9,433.7193444093254,326.7581679781438
45,1,0,417.9372340252984,514.3119458108806
45,1,1,435.37227954696806,232.77889111094132
45,1,2,508.8509012512719,529.656868875539
45,1,3,435.77259652030807,321.3497996327787
45,1,4,417.3561198335717,410.3103143336005
45,1,5,409.6878412534604,323.7422493987286
45,1,6,434.8340732859004,316.0693171071997
45,1,7,432.00247263335586,301.2934545666607
45,1,8,443.051729215505,317.0234385253743
45,1,9,433.7193444093254,326.7581679781438
45,2,0,417.9372340252984,514.3119458108806
45,2,1,435.37227954696806,232.77889111094132
45,2,2,508.8509012512719,529.656868875539
45,2,3,435.77259652030807,321.3497996327787
45,2,4,417.3561198335717,410.3103143336005
45,2,5,409.6878412534604,323.7422493987286
45,2,6,434.8340732859004,316.0693171071997
45,2,7,432.00247263335586,301.2934545666607
45,2,8,443.051729215505,317.0234385253743
45,2,9,433.7193444093254,326.7581679781438
46,0,0,434.3284167620089,595.0626658065876
46,0,1,435.21488332117195,281.7179063632903
46,0,2,508.8509012512719,529.656868875539
46,0,3,435.77259652030807,321.3497996327787
46,0,4,417.8067652129401,389.13081221579404
46,0,5,409.6878412534604,323.7422493987286
46,0,6,434.8340732859004,316.0693171071997
46,0,7,432.00247263335586,301.2934545666607
46,0,8,443.051729215505,317.0234385253743
46,0,9,433.7193444093254,326.7581679781438
46,1,0,434.3284167620089,595.0626658065876
46,1,1,435.21488332117195,281.7179063632903
46,1,2,508.8509012512719,529.656868875539
46,1,3,435.77259652030807,321.3497996327787
46,1,4,417.8067652129401,389.13081221579404
46,1,5,409.6878412534604,323.7422493987286
46,1,6,434.8340732859004,316.0693171071997
46,1,7,432.00247263335586,301.2934545666607
46,1,8,443.051729215505,317.0234385253743
46,1,9,433.7193444093254,326.7581679781438
46,2,0,434.3284167620089,595.0626658065876
46,2,1,435.21488332117195,281.7179063632903
46,2,2,508.8509012512719,529.656868875539
46,2,3,435.77259652030807,321.3497996327787
46,2,4,417.8067652129401,389.13081221579404
46,2,5,409.6878412534604,323.7422493987286
46,2,6,434.8340732859004,316.0693171071997
46,2,7,485.6066230609034,62.17987910034919
46,2,8,443.051729215505,317.0234385253743
46,2,9,433.7193444093254,326.7581679781438
47,0,0,434.3284167620089,595.0626658065876
47,0,1,435.21488332117195,281.7179063632903
47,0,2,508.8509012512719,529.656868875539
47,0,3,435.77259652030807,321.3497996327787
47,0,4,402.30266795300287,345.0783616828501
47,0,5,421.2442195662719,316.5189788857359
47,0,6,434.8340732859004,316.0693171071997
47,0,7,453.0239434853437,0.0
47,0,8,443.051729215505,317.0234385253743
47,0,9,433.5796342820495,324.79806163566064
47,1,0,434.3284167620089,595.0626658065876
47,1,1,435.21488332117195,281.7179063632903
47,1,2,423.438541625669,440.84232134897377
47,1,3,435.77259652030807,321.3497996327787
47,1,4,402.30266795300287,345.0783616828501
47,1,5,421.2442195662719,316.5189788857359
47,1,6,434.8340732859004,316.0693171071997
47,1,7,453.0239434853437,0.0
47,1,8,443.051729215505,317.0234385253743
47,1,9,433.5796342820495,324.79806163566064
47,2,0,434.3284167620089,595.0626658065876
47,2,1,435.21488332117195,281.7179063632903
47,2,2,423.438541625669,440.84232134897377
47,2,3,435.77259652030807,321.3497996327787
47,2,4,402.30266795300287,345.0783616828501
47,2,5,421.2442195662719,316.5189788857359
47,2,6,434.8340732859004,316.0693171071997
47,2,7,453.0239434853437,0.0
47,2,8,443.051729215505,317.0234385253743
47,2,9,433.5796342820495,324.79806163566064
48,0,0,434.3284167620089,595.0626658065876
48,0,1,435.21488332117195,281.7179063632903
48,0,2,428.3161783726784,425.5810139988478
48,0,3,435.77259652030807,321.3497996327787
48,0,4,402.30266795300287,345.0783616828501
48,0,5,421.2442195662719,316.5189788857359
48,0,6,434.8340732859004,316.0693171071997
48,0,7,453.0239434853437,0.0
48,0,8,443.051729215505,317.0234385253743
48,0,9,433.5796342820495,324.79806163566064
48,1,0,434.3284167620089,595.0626658065876
48,1,1,435.21488332117195,281.7179063632903
48,1,2,428.3161783726784,425.5810139988478
48,1,3,435.77259652030807,321.3497996327787
48,1,4,402.30266795300287,345.0783616828501
48,1,5,421.2442195662719,316.5189788857359
48,1,6,434.8340732859004,316.0693171071997
48,1,7,453.0239434853437,0.0
48,1,8,443.051729215505,317.0234385253743
48,1,9,433.5796342820495,324.79806163566064
48,2,0,434.3284167620089,595.0626658065876
48,2,1,435.21488332117195,281.7179063632903
48,2,2,428.3161783726784,425.5810139988478
48,2,3,435.77259652030807,321.3497996327787
48,2,4,402.30266795300287,345.0783616828501
48,2,5,421.2442195662719,316.5189788857359
48,2,6,434.8340732859004,316.0693171071997
48,2,7,453.0239434853437,0.0
48,2,8,443.051729215505,317.0234385253743
48,2,9,433.5796342820495,324.79806163566064
49,0,0,434.3284167620089,595.0626658065876
49,0,1,435.21488332117195,281.7179063632903
49,0,2,422.31321049367494,332.3765942377511
49,0,3,435.77259652030807,321.3497996327787
49,0,4,392.0346331193338,334.5914636268096
49,0,5,421.2442195662719,316.5189788857359
49,0,6,434.8340732859004,316.0693171071997
49,0,7,428.07667475901576,7.10685393864839
49,0,8,443.051729215505,317.0234385253743
49,0,9,432.75929616388515,319.8234201992016
49,1,0,434.3284167620089,595.0626658065876
49,1,1,435.21488332117195,281.7179063632903
49,1,2,422.31321049367494,332.3765942377511
49,1,3,435.77259652030807,321.3497996327787
49,1,4,392.0346331193338,334.5914636268096
49,1,5,421.2442195662719,316.5189788857359
49,1,6,434.8340732859004,316.0693171071997
49,1,7,428.07667475901576,7.10685393864839
49,1,8,443.051729215505,317.0234385253743
49,1,9,432.75929616388515,319.8234201992016
49,2,0,434.3284167620089,595.0626658065876
49,2,1,435.21488332117195,281.7179063632903
49,2,2,422.31321049367494,332.3765942377511
49,2,3,50.60914854007665,36.455821326839555
49,2,4,392.0346331193338,334.5914636268096
49,2,5,421.2442195662719,316.5189788857359
49,2,6,290.4621907665386,260.67357302603494
49,2,7,428.07667475901576,7.10685393864839
49,2,8,472.4469609305192,592.1151587166329
49,2,9,432.75929616388515,319.8234201992016
