Iteration,Phase,Id,X,Y,Weight
20,,15,,,
0,0,0,272.1287194207469,86.45953146851002,10.0
0,0,1,598.4236965830346,500.0806724266004,10.0
0,0,2,525.7978497880011,172.58492837714036,10.0
0,0,3,228.95053870418775,189.83760839680178,10.0
0,0,4,237.40483209922405,334.88590249768623,10.0
0,0,5,460.56516941848315,506.35644244439953,10.0
0,0,6,152.78963711861547,350.21669862739594,10.0
0,0,7,270.4859027528247,109.114413642877,10.0
0,0,8,414.0787685674127,176.71826814099313,10.0
0,0,9,534.3096608828362,542.9196660916415,10.0
0,0,10,223.54210878546633,476.4357205889024,10.0
0,0,11,88.45017173125387,142.28368166146086,10.0
0,0,12,449.1028549835424,331.5787641813281,10.0
0,0,13,600,0,10.0
0,0,14,453.3080673814594,343.40563430398197,10.0
0,1,0,272.1287194207469,86.45953146851002,10.0
0,1,1,598.4236965830346,500.0806724266004,10.0
0,1,2,525.7978497880011,172.58492837714036,10.0
0,1,3,228.95053870418775,189.83760839680178,10.0
0,1,4,237.40483209922405,334.88590249768623,10.0
0,1,5,460.56516941848315,506.35644244439953,10.0
0,1,6,179.28273412903619,447.29186077414636,11.0
0,1,7,270.4859027528247,109.114413642877,10.0
0,1,8,423.6069674818999,190.29318473166268,10.561312731859287
0,1,9,534.3096608828362,542.9196660916415,10.0
0,1,10,223.54210878546633,476.4357205889024,10.0
0,1,11,88.45017173125387,142.28368166146086,10.0
0,1,12,458.6602553861226,330.26351288363344,10.063539608693391
0,1,13,600,0,10.487967471244831
0,1,14,453.3080673814594,343.40563430398197,10.0
0,2,0,600,600,10.0
0,2,1,324.63394738052654,0,10.0
0,2,2,0,600,10.0
0,2,3,530.6728787334483,600,10.0
0,2,4,600,277.47559903289715,10.0
0,2,5,0,0,10.0
0,2,6,600,195.73973798279405,11.0
0,2,7,600,600,10.0
0,2,8,147.1350196461888,532.4765349233153,10.561312731859287
0,2,9,0,0,10.0
0,2,10,564.6234260471098,3.218380717079299,10.0
0,2,11,600,600,10.0
0,2,12,0.9281577811777311,0,10.063539608693391
0,2,13,0,600,10.487967471244831
0,2,14,194.37380631686068,193.45205712680587,10.0
1,0,0,600,600,10.0
1,0,1,324.63394738052654,0,10.0
1,0,2,0,600,10.0
1,0,3,530.6728787334483,600,10.0
1,0,4,600,234.59182351836375,10.0
1,0,5,0,0.5837923513332726,10.0
1,0,6,600,232.5267510159876,11.0
1,0,7,600,600,10.0
1,0,8,147.1350196461888,532.4765349233153,10.561312731859287
1,0,9,0,0,10.0
1,0,10,546.767315432317,25.873426475475014,10.0
1,0,11,600,600,10.0
1,0,12,0.9281577811777311,0,10.063539608693391
1,0,13,0,600,10.487967471244831
1,0,14,194.37380631686068,193.45205712680587,10.0
1,1,0,600.0,600.0,10.0
1,1,1,324.63394738052654,0.0,10.0
1,1,2,0.0,600.0,10.0
1,1,3,530.6728787334483,600.0,10.0
1,1,4,600.0,214.85812573851865,11.0
1,1,5,0.0,0.5848143776934194,10.003804418087467
1,1,6,600.0,246.35530382514048,11.816895958703633
1,1,7,600.0,600.0,10.0
1,1,8,147.1350196461888,532.4765349233153,10.561312731859287
1,1,9,0.0,0.0,10.0
1,1,10,543.8715222465481,29.547481175611836,10.352423788429089
1,1,11,600.0,600.0,10.0
1,1,12,0.9281577811777311,0.0,10.063539608693391
1,1,13,0.0,600.0,10.487967471244831
1,1,14,194.37380631686068,193.45205712680587,10.0
1,2,0,407.0296111092804,515.1146910322447,10.0
1,2,1,320.5793662404194,203.468910096404,10.0
1,2,2,78.5162179620304,525.9831683147344,10.0
1,2,3,431.68881936643135,410.277613227298,10.0
1,2,4,532.0207063665057,269.9590237045123,11.0
1,2,5,64.30914835149343,146.20898861994544,10.003804418087467
1,2,6,507.2956040373658,276.6680907450641,11.816895958703633
1,2,7,405.5622579762392,452.6232363909231,10.0
1,2,8,303.3721474139307,455.05300430125,10.561312731859287
1,2,9,145.80013595099228,295.07463607459795,10.0
1,2,10,340.6183084358737,143.16775670707352,10.352423788429089
1,2,11,469.8402799227474,561.5717451467921,10.0
1,2,12,110.5725326872381,130.91490132005802,10.063539608693391
1,2,13,98.82705056873709,577.4904805184058,10.487967471244831
1,2,14,199.82442958059988,273.83144349459496,10.0
2,0,0,435.7181457642753,462.105534571145,10.0
2,0,1,320.5793662404194,203.468910096404,10.0
2,0,2,123.32616398683945,512.8323967636954,10.0
2,0,3,415.0804645268197,427.05874336748536,10.0
2,0,4,537.1254718434037,243.4104608270251,11.0
2,0,5,94.22033067681286,139.98106220277677,10.003804418087467
2,0,6,515.7254235024005,305.6808886914893,11.816895958703633
2,0,7,405.5622579762392,452.6232363909231,10.0
2,0,8,303.3721474139307,455.05300430125,10.561312731859287
2,0,9,145.80013595099228,295.07463607459795,10.0
2,0,10,317.4963880176976,187.2065123268855,10.352423788429089
2,0,11,469.8402799227474,561.5717451467921,10.0
2,0,12,110.5725326872381,130.91490132005802,10.063539608693391
2,0,13,46.11684564577715,600,10.487967471244831
2,0,14,174.10969042612248,252.10414654079938,10.0
2,1,0,439.3082224169957,455.4719808787029,10.38602213374615
2,1,1,320.5793662404194,203.468910096404,10.0
2,1,2,129.80291335932603,510.931607788325,10.445861037738014
2,1,3,413.4613360002709,428.6947155501667,10.300726403910284
2,1,4,538.1576925572052,238.04214828694376,11.623754406880204
2,1,5,94.31803449630428,139.96071890133683,10.013880572476143
2,1,6,516.1607870471678,307.1792736343653,11.976208746856587
2,1,7,405.5622579762392,452.6232363909231,10.0
2,1,8,303.3721474139307,455.05300430125,10.561312731859287
2,1,9,145.80013595099228,295.07463607459795,10.0
2,1,10,310.00077683436916,201.48289522042066,11.352423788429089
2,1,11,469.8402799227474,561.5717451467921,10.0
2,1,12,110.5725326872381,130.91490132005802,10.063539608693391
2,1,13,44.42611521486231,600,10.58691307808635
2,1,14,173.6092774797665,251.6813298589079,10.0600292980892
2,2,0,377.51996475102544,398.00353038755287,10.38602213374615
2,2,1,316.2989290202634,209.7391713240296,10.0
2,2,2,162.91116870698275,413.1731924185011,10.445861037738014
2,2,3,396.44133210766245,394.17479544366574,10.300726403910284
2,2,4,322.55736506980463,338.7176041463502,11.623754406880204
2,2,5,113.81761230346038,233.54906476314483,10.013880572476143
2,2,6,449.40386251482965,329.2715137229576,11.976208746856587
2,2,7,339.4011847978561,382.54710045230604,10.0
2,2,8,300.3036769096533,420.1371965631256,10.561312731859287
2,2,9,204.90468820562174,314.2104964598853,10.0
2,2,10,305.77811647530694,270.6667927546676,11.352423788429089
2,2,11,437.1933495534794,553.7291610420002,10.0
2,2,12,220.26551643674864,145.27121653607875,10.063539608693391
2,2,13,91.42619829506413,405.69381695289593,10.58691307808635
2,2,14,276.21797219996927,340.93083768862584,10.0600292980892
3,0,0,377.51996475102544,398.00353038755287,10.38602213374615
3,0,1,315.426189221995,241.8761360636725,10.0
3,0,2,112.23310915266762,367.6169010559847,10.445861037738014
3,0,3,396.44133210766245,394.17479544366574,10.300726403910284
3,0,4,322.55736506980463,338.7176041463502,11.623754406880204
3,0,5,113.81761230346038,233.54906476314483,10.013880572476143
3,0,6,464.51642813880727,305.0828325258194,11.976208746856587
3,0,7,357.06757195078154,345.5515876415072,10.0
3,0,8,300.3036769096533,420.1371965631256,10.561312731859287
3,0,9,204.90468820562174,314.2104964598853,10.0
3,0,10,305.77811647530694,270.6667927546676,11.352423788429089
3,0,11,388.667297241099,531.0233464189345,10.0
3,0,12,205.7205541176909,184.24873648745753,10.063539608693391
3,0,13,91.42619829506413,405.69381695289593,10.58691307808635
3,0,14,275.8848886718939,295.19236363356663,10.0600292980892
3,1,0,377.51996475102544,398.00353038755287,10.38602213374615
3,1,1,315.1934838171113,250.44506509189986,11.0
3,1,2,112.04591849307411,367.44862878384606,10.459713995418975
3,1,3,396.44133210766245,394.17479544366574,10.300726403910284
3,1,4,322.55736506980463,338.7176041463502,11.623754406880204
3,1,5,113.81761230346038,233.54906476314483,10.013880572476143
3,1,6,465.81018206304066,303.0120920572932,12.29727287900668
3,1,7,360.8826808068962,337.56229660315194,10.809911379507161
3,1,8,300.3036769096533,420.1371965631256,10.561312731859287
3,1,9,204.90468820562174,314.2104964598853,10.0
3,1,10,305.77811647530694,270.6667927546676,11.352423788429089
3,1,11,383.58997985662177,528.6476199416954,10.392407826316491
3,1,12,203.52008134518917,190.1455528222976,10.630929650369163
3,1,13,91.42619829506413,405.69381695289593,10.58691307808635
3,1,14,275.82753524682624,287.31668704401903,10.705809182327242
3,2,0,367.50013984396946,348.7637814142746,10.38602213374615
3,2,1,314.32522349800183,252.12585507766948,11.0
3,2,2,203.10166092167935,349.1903846686802,10.459713995418975
3,2,3,315.221279932314,345.08256569004976,10.300726403910284
3,2,4,319.4361157209979,336.5956511070511,11.623754406880204
3,2,5,205.5944550039936,304.9938265236195,10.013880572476143
3,2,6,385.39057513666825,308.2898966416646,12.29727287900668
3,2,7,347.8634607697544,335.9413438422333,10.809911379507161
3,2,8,288.0091103033802,370.32519955949056,10.561312731859287
3,2,9,270.09435212760445,319.1782007623497,10.0
3,2,10,299.95339779908846,271.7183901885608,11.352423788429089
3,2,11,372.24268259784066,453.7752697230803,10.392407826316491
3,2,12,206.8005697347339,293.0705919130838,10.630929650369163
3,2,13,159.2215593193708,360.26946217412603,10.58691307808635
3,2,14,282.5531694685608,317.9981446072062,10.705809182327242
4,0,0,367.50013984396946,348.7637814142746,10.38602213374615
4,0,1,314.32522349800183,252.12585507766948,11.0
4,0,2,203.10166092167935,349.1903846686802,10.459713995418975
4,0,3,315.221279932314,345.08256569004976,10.300726403910284
4,0,4,279.7901839118319,307.7485533194047,11.623754406880204
4,0,5,234.85529515702825,272.41881807465415,10.013880572476143
4,0,6,385.39057513666825,308.2898966416646,12.29727287900668
4,0,7,308.88372414663377,318.6592000525288,10.809911379507161
4,0,8,288.0091103033802,370.32519955949056,10.561312731859287
4,0,9,270.09435212760445,319.1782007623497,10.0
4,0,10,301.44185352784376,235.50862021518734,11.352423788429089
4,0,11,415.31220539152883,417.23191140889753,10.392407826316491
4,0,12,206.8005697347339,293.0705919130838,10.630929650369163
4,0,13,159.2215593193708,360.26946217412603,10.58691307808635
4,0,14,288.90778394833154,299.93347651399944,10.705809182327242
4,1,0,367.50013984396946,348.7637814142746,10.38602213374615
4,1,1,314.32522349800183,252.12585507766948,11.0
4,1,2,203.10166092167935,349.1903846686802,10.459713995418975
4,1,3,315.221279932314,345.08256569004976,10.300726403910284
4,1,4,272.95729267267905,302.7768179419397,12.319891546176736
4,1,5,238.0158709074884,268.90026627517153,10.450163619751816
4,1,6,385.39057513666825,308.2898966416646,12.29727287900668
4,1,7,299.233220603967,314.3805310743373,11.809911379507161
4,1,8,288.0091103033802,370.32519955949056,10.561312731859287
4,1,9,270.09435212760445,319.1782007623497,10.0
4,1,10,301.44560896526247,235.41726141797653,11.362614711733638
4,1,11,425.60323224181366,408.5002455529214,11.35751951911852
4,1,12,206.8005697347339,293.0705919130838,10.630929650369163
4,1,13,159.2215593193708,360.26946217412603,10.58691307808635
4,1,14,290.3731449143457,295.7678013857828,11.63722656034302
4,2,0,312.27571274326186,327.5154612725621,10.38602213374615
4,2,1,296.1160751482261,262.9082221948345,11.0
4,2,2,223.28822114465345,337.87576987860683,10.459713995418975
4,2,3,314.8417099284691,336.13101999080857,10.300726403910284
4,2,4,285.2905754578492,304.56549075315917,12.319891546176736
4,2,5,273.6737921051402,306.60438108475154,10.450163619751816
4,2,6,369.7742764489639,309.7382496030685,12.29727287900668
4,2,7,296.99233899577797,315.6879058580632,11.809911379507161
4,2,8,289.4709371437565,353.91100638100795,10.561312731859287
4,2,9,274.94057154992225,318.76087258952515,10.0
4,2,10,294.9746995028549,268.0311781875928,11.362614711733638
4,2,11,320.3523097932711,387.0723976207796,11.35751951911852
4,2,12,238.32202428861396,298.47570518471736,10.630929650369163
4,2,13,257.2357034554216,342.8420641425128,10.58691307808635
4,2,14,290.6017645219585,302.9304213782204,11.63722656034302
5,0,0,312.27571274326186,327.5154612725621,10.38602213374615
5,0,1,296.1160751482261,262.9082221948345,11.0
5,0,2,250.36994222826044,294.78017223980794,10.459713995418975
5,0,3,301.269670517327,322.98668240718695,10.300726403910284
5,0,4,285.2905754578492,304.56549075315917,12.319891546176736
5,0,5,295.44762351065816,291.9628772800298,10.450163619751816
5,0,6,369.7742764489639,309.7382496030685,12.29727287900668
5,0,7,296.99233899577797,315.6879058580632,11.809911379507161
5,0,8,289.4709371437565,353.91100638100795,10.561312731859287
5,0,9,274.94057154992225,318.76087258952515,10.0
5,0,10,294.9746995028549,268.0311781875928,11.362614711733638
5,0,11,339.1966905257111,356.8548207260874,11.35751951911852
5,0,12,238.32202428861396,298.47570518471736,10.630929650369163
5,0,13,247.29465950815478,347.68669789452497,10.58691307808635
5,0,14,290.6017645219585,302.9304213782204,11.63722656034302
5,1,0,312.27571274326186,327.5154612725621,10.38602213374615
5,1,1,296.1160751482261,262.9082221948345,11.0
5,1,2,259.69474164050956,279.94146231099006,11.459713995418975
5,1,3,299.2747153260023,321.0545951427304,10.727625068161867
5,1,4,285.2905754578492,304.56549075315917,12.319891546176736
5,1,5,301.1320454293524,288.14046846275966,11.20837135727156
5,1,6,369.7742764489639,309.7382496030685,12.29727287900668
5,1,7,296.99233899577797,315.6879058580632,11.809911379507161
5,1,8,289.4709371437565,353.91100638100795,10.561312731859287
5,1,9,274.94057154992225,318.76087258952515,10.0
5,1,10,294.9746995028549,268.0311781875928,11.362614711733638
5,1,11,342.843560961756,351.00694546869255,11.919569874348474
5,1,12,238.32202428861396,298.47570518471736,10.630929650369163
5,1,13,246.75688050370644,347.9487772425184,10.744024808408488
5,1,14,290.6017645219585,302.9304213782204,11.63722656034302
5,2,0,306.6933425347461,319.20257129403933,10.38602213374615
5,2,1,295.3789922669152,289.95290842121335,11.0
5,2,2,260.18646105792084,298.95107873444346,11.459713995418975
5,2,3,295.7541225477695,316.1577019584193,10.727625068161867
5,2,4,288.30407915914526,306.842539824432,12.319891546176736
5,2,5,295.98214946572915,299.6441517253529,11.20837135727156
5,2,6,325.98444799654936,309.73841256385606,12.29727287900668
5,2,7,295.1149138073221,313.46328571652214,11.809911379507161
5,2,8,292.6886238799355,318.5709592841914,10.561312731859287
5,2,9,286.017043885245,315.79884841425934,10.0
5,2,10,294.5174378037301,284.12540183092864,11.362614711733638
5,2,11,319.98933919103877,326.09704855339595,11.919569874348474
5,2,12,238.37916872352758,299.22595540192975,10.630929650369163
5,2,13,274.44003965199255,329.3066990370665,10.744024808408488
5,2,14,293.3479661009496,303.12417269031374,11.63722656034302
6,0,0,306.6933425347461,319.20257129403933,10.38602213374615
6,0,1,295.3789922669152,289.95290842121335,11.0
6,0,2,284.68011534002176,299.09380443761216,11.459713995418975
6,0,3,295.7541225477695,316.1577019584193,10.727625068161867
6,0,4,288.30407915914526,306.842539824432,12.319891546176736
6,0,5,295.98214946572915,299.6441517253529,11.20837135727156
6,0,6,325.98444799654936,309.73841256385606,12.29727287900668
6,0,7,295.1149138073221,313.46328571652214,11.809911379507161
6,0,8,292.6886238799355,318.5709592841914,10.561312731859287
6,0,9,286.017043885245,315.79884841425934,10.0
6,0,10,313.9408873699367,297.6086660071718,11.362614711733638
6,0,11,355.3358055872927,359.93593772950237,11.919569874348474
6,0,12,238.37916872352758,299.22595540192975,10.630929650369163
6,0,13,284.33121342629187,305.17969653008277,10.744024808408488
6,0,14,293.3479661009496,303.12417269031374,11.63722656034302
6,1,0,306.6933425347461,319.20257129403933,10.38602213374615
6,1,1,295.3789922669152,289.95290842121335,11.0
6,1,2,293.5275363574558,299.1453587859915,12.14645973484677
6,1,3,295.7541225477695,316.1577019584193,10.727625068161867
6,1,4,288.30407915914526,306.842539824432,12.319891546176736
6,1,5,295.98214946572915,299.6441517253529,11.20837135727156
6,1,6,325.98444799654936,309.73841256385606,12.29727287900668
6,1,7,295.1149138073221,313.46328571652214,11.809911379507161
6,1,8,292.6886238799355,318.5709592841914,10.561312731859287
6,1,9,286.017043885245,315.79884841425934,10.0
6,1,10,315.8170578509866,298.9110557886284,11.546259581046925
6,1,11,355.90900829969723,360.48469252844194,11.950401405720788
6,1,12,238.37916872352758,299.22595540192975,10.630929650369163
6,1,13,289.5337479253428,292.4894369344604,11.744024808408488
6,1,14,293.3479661009496,303.12417269031374,11.63722656034302
6,2,0,304.4678240640763,313.4003243260129,10.38602213374615
6,2,1,297.08231543766084,295.50371099538546,11.0
6,2,2,295.02555825513866,304.199603348592,12.14645973484677
6,2,3,296.2527459948033,312.1822851390177,10.727625068161867
6,2,4,288.6898808625887,308.157735788477,12.319891546176736
6,2,5,296.5507927998248,304.19034489062784,11.20837135727156
6,2,6,325.0705154392892,309.6121241086481,12.29727287900668
6,2,7,295.4201600378916,312.1304597606214,11.809911379507161
6,2,8,295.96845758460915,316.9468347506537,10.561312731859287
6,2,9,295.043358500828,315.4542218106137,10.0
6,2,10,306.4558633935486,299.3642383500995,11.546259581046925
6,2,11,314.52433636373996,323.7411320853671,11.950401405720788
6,2,12,245.95673201590668,299.89905434025786,10.630929650369163
6,2,13,291.3182945160461,293.5530361917632,11.744024808408488
6,2,14,295.75694433403163,303.4565098688893,11.63722656034302
7,0,0,304.4678240640763,313.4003243260129,10.38602213374615
7,0,1,297.08231543766084,295.50371099538546,11.0
7,0,2,295.02555825513866,304.199603348592,12.14645973484677
7,0,3,296.2527459948033,312.1822851390177,10.727625068161867
7,0,4,287.3028259886764,296.0038371746765,12.319891546176736
7,0,5,296.5507927998248,304.19034489062784,11.20837135727156
7,0,6,325.0705154392892,309.6121241086481,12.29727287900668
7,0,7,295.4201600378916,312.1304597606214,11.809911379507161
7,0,8,295.96845758460915,316.9468347506537,10.561312731859287
7,0,9,295.043358500828,315.4542218106137,10.0
7,0,10,306.4558633935486,299.3642383500995,11.546259581046925
7,0,11,314.52433636373996,323.7411320853671,11.950401405720788
7,0,12,245.95673201590668,299.89905434025786,10.630929650369163
7,0,13,290.028775097063,296.4514942828679,11.744024808408488
7,0,14,295.75694433403163,303.4565098688893,11.63722656034302
7,1,0,304.4678240640763,313.4003243260129,10.38602213374615
7,1,1,297.08231543766084,295.50371099538546,11.0
7,1,2,295.02555825513866,304.199603348592,12.14645973484677
7,1,3,296.2527459948033,312.1822851390177,10.727625068161867
7,1,4,286.29997053204147,287.2164389444555,13.319891546176736
7,1,5,296.5507927998248,304.19034489062784,11.20837135727156
7,1,6,325.0705154392892,309.6121241086481,12.29727287900668
7,1,7,295.4201600378916,312.1304597606214,11.809911379507161
7,1,8,295.96845758460915,316.9468347506537,10.561312731859287
7,1,9,295.043358500828,315.4542218106137,10.0
7,1,10,306.4558633935486,299.3642383500995,11.546259581046925
7,1,11,314.52433636373996,323.7411320853671,11.950401405720788
7,1,12,245.95673201590668,299.89905434025786,10.630929650369163
7,1,13,289.6715919612986,297.25433628324566,12.127130284612079
7,1,14,295.75694433403163,303.4565098688893,11.63722656034302
7,2,0,303.86933431343016,308.93430377491995,10.38602213374615
7,2,1,296.91445140756844,301.5723521763725,11.0
7,2,2,295.75931284167444,304.9672885613317,12.14645973484677
7,2,3,296.2464310150012,310.17328560490904,10.727625068161867
7,2,4,290.54790262767887,287.79919864053,13.319891546176736
7,2,5,296.33274454626957,304.9057326268659,11.20837135727156
7,2,6,311.57620920982185,308.0936764077015,12.29727287900668
7,2,7,295.9844287992191,310.9139505522481,11.809911379507161
7,2,8,296.13420901965554,312.93935743153975,10.561312731859287
7,2,9,295.6661262389175,312.77880506391864,10.0
7,2,10,299.7123942309985,300.54854445940157,11.546259581046925
7,2,11,306.82394031169315,320.82593998308573,11.950401405720788
7,2,12,248.10824537445387,300.8712278888793,10.630929650369163
7,2,13,292.2541957070735,297.3870598470753,12.127130284612079
7,2,14,296.03121409793187,303.95358988640027,11.63722656034302
8,0,0,303.86933431343016,308.93430377491995,10.38602213374615
8,0,1,296.91445140756844,301.5723521763725,11.0
8,0,2,295.75931284167444,304.9672885613317,12.14645973484677
8,0,3,296.2464310150012,310.17328560490904,10.727625068161867
8,0,4,290.54790262767887,287.79919864053,13.319891546176736
8,0,5,296.33274454626957,304.9057326268659,11.20837135727156
8,0,6,311.57620920982185,308.0936764077015,12.29727287900668
8,0,7,295.9844287992191,310.9139505522481,11.809911379507161
8,0,8,296.13420901965554,312.93935743153975,10.561312731859287
8,0,9,295.6661262389175,312.77880506391864,10.0
8,0,10,299.7123942309985,300.54854445940157,11.546259581046925
8,0,11,306.82394031169315,320.82593998308573,11.950401405720788
8,0,12,248.10824537445387,300.8712278888793,10.630929650369163
8,0,13,292.2541957070735,297.3870598470753,12.127130284612079
8,0,14,296.03121409793187,303.95358988640027,11.63722656034302
8,1,0,303.86933431343016,308.93430377491995,1
8,1,1,296.91445140756844,301.5723521763725,1
8,1,2,295.75931284167444,304.9672885613317,1
8,1,3,296.2464310150012,310.17328560490904,1
8,1,4,290.54790262767887,287.79919864053,1
8,1,5,296.33274454626957,304.9057326268659,1
8,1,6,311.57620920982185,308.0936764077015,1
8,1,7,295.9844287992191,310.9139505522481,1
8,1,8,296.13420901965554,312.93935743153975,1
8,1,9,295.6661262389175,312.77880506391864,1
8,1,10,299.7123942309985,300.54854445940157,1
8,1,11,306.82394031169315,320.82593998308573,1
8,1,12,248.10824537445387,300.8712278888793,1
8,1,13,292.2541957070735,297.3870598470753,1
8,1,14,296.03121409793187,303.95358988640027,1
8,2,0,308.6407188933376,310.1593603814478,1
8,2,1,297.412800606453,301.18254190744085,1
8,2,2,296.26765675282485,304.85033069073256,1
8,2,3,297.00142476450367,311.9813795389344,1
8,2,4,288.40270955547186,276.45684739626256,1
8,2,5,296.9123769543241,304.71180123021423,1
8,2,6,315.4398890893378,309.12794275968525,1
8,2,7,296.3663062098133,311.08982246198235,1
8,2,8,296.53677437194625,317.3310062751014,1
8,2,9,295.7833537647256,313.56931072962095,1
8,2,10,299.8905398037503,300.09199111410004,1
8,2,11,311.5368895141108,321.7543629812828,1
8,2,12,244.0061748444905,299.7395130842441,1
8,2,13,291.34147630884206,295.29930756810336,1
8,2,14,296.48595705969876,303.1195480482892,1
9,0,0,308.6407188933376,310.1593603814478,1
9,0,1,297.412800606453,301.18254190744085,1
9,0,2,296.26765675282485,304.85033069073256,1
9,0,3,297.00142476450367,311.9813795389344,1
9,0,4,288.40270955547186,276.45684739626256,1
9,0,5,296.9123769543241,304.71180123021423,1
9,0,6,315.4398890893378,309.12794275968525,1
9,0,7,291.488171476035,304.37314255217495,1
9,0,8,295.3420169869706,304.2151693069001,1
9,0,9,295.7833537647256,313.56931072962095,1
9,0,10,299.8905398037503,300.09199111410004,1
9,0,11,320.16751127412914,290.4368208871033,1
9,0,12,244.0061748444905,299.7395130842441,1
9,0,13,291.34147630884206,295.29930756810336,1
9,0,14,296.48595705969876,303.1195480482892,1
9,1,0,308.6407188933376,310.1593603814478,1.0
9,1,1,297.412800606453,301.18254190744085,1.0
9,1,2,296.26765675282485,304.85033069073256,1.0
9,1,3,297.00142476450367,311.9813795389344,1.0
9,1,4,288.40270955547186,276.45684739626256,1.0
9,1,5,296.9123769543241,304.71180123021423,1.0
9,1,6,315.4398890893378,309.12794275968525,1.0
9,1,7,290.79393260058714,303.4172484324329,1.192870449322057
9,1,8,294.4604218834942,294.53717292490137,2.0
9,1,9,295.7833537647256,313.56931072962095,1.0
9,1,10,299.8905398037503,300.09199111410004,1.0
9,1,11,321.20143594466725,286.6850657653821,1.1623518973815394
9,1,12,244.0061748444905,299.7395130842441,1.0
9,1,13,291.34147630884206,295.29930756810336,1.0
9,1,14,296.48595705969876,303.1195480482892,1.0
9,2,0,301.6004186286262,308.4168034703707,1.0
9,2,1,297.2158863408426,301.1075092655195,1.0
9,2,2,296.1837022089585,302.86255229740624,1.0
9,2,3,296.6764941867704,307.39716902095057,1.0
9,2,4,290.16552717649046,290.01768786628173,1.0
9,2,5,296.63637050744296,304.1959526182398,1.0
9,2,6,304.8420465783217,308.50741663205605,1.0
9,2,7,292.5358414589768,301.6869541912021,1.192870449322057
9,2,8,294.8115287851597,296.2117822081642,2.0
9,2,9,295.75767792385153,310.9748862847847,1.0
9,2,10,297.6347597030131,300.31810661696153,1.0
9,2,11,306.56356547009943,294.16542860694096,1.1623518973815394
9,2,12,266.09221995131963,300.03854185749145,1.0
9,2,13,293.06131919605974,296.72631948852865,1.0
9,2,14,296.3933753843201,302.14513357762195,1.0
10,0,0,301.6004186286262,308.4168034703707,1.0
10,0,1,297.2158863408426,301.1075092655195,1.0
10,0,2,296.1837022089585,302.86255229740624,1.0
10,0,3,296.6764941867704,307.39716902095057,1.0
10,0,4,290.16552717649046,290.01768786628173,1.0
10,0,5,296.63637050744296,304.1959526182398,1.0
10,0,6,304.8420465783217,308.50741663205605,1.0
10,0,7,292.5358414589768,301.6869541912021,1.192870449322057
10,0,8,294.8115287851597,296.2117822081642,2.0
10,0,9,295.75767792385153,310.9748862847847,1.0
10,0,10,297.6347597030131,300.31810661696153,1.0
10,0,11,306.56356547009943,294.16542860694096,1.1623518973815394
10,0,12,266.09221995131963,300.03854185749145,1.0
10,0,13,293.06131919605974,296.72631948852865,1.0
10,0,14,296.3933753843201,302.14513357762195,1.0
10,1,0,301.6004186286262,308.4168034703707,1
10,1,1,297.2158863408426,301.1075092655195,1
10,1,2,296.1837022089585,302.86255229740624,1
10,1,3,296.6764941867704,307.39716902095057,1
10,1,4,290.16552717649046,290.01768786628173,1
10,1,5,296.63637050744296,304.1959526182398,1
10,1,6,304.8420465783217,308.50741663205605,1
10,1,7,292.5358414589768,301.6869541912021,1
10,1,8,294.8115287851597,296.2117822081642,1
10,1,9,295.75767792385153,310.9748862847847,1
10,1,10,297.6347597030131,300.31810661696153,1
10,1,11,306.56356547009943,294.16542860694096,1
10,1,12,266.09221995131963,300.03854185749145,1
10,1,13,293.06131919605974,296.72631948852865,1
10,1,14,296.3933753843201,302.14513357762195,1
10,2,0,305.12348078178536,312.0838365098286,1
10,2,1,297.975179963667,300.84900253677057,1
10,2,2,296.68781601125977,303.1934818450405,1
10,2,3,296.7231865480614,310.3108905318678,1
10,2,4,287.5984866965057,286.23144341144587,1
10,2,5,297.4093191271879,304.53233118546535,1
10,2,6,305.711671957258,310.27620522812526,1
10,2,7,292.3832830366485,301.6985075535872,1
10,2,8,294.7865292714891,294.3963018194313,1
10,2,9,296.05316998174203,314.619822940296,1
10,2,10,298.8086581053483,299.61205539734624,1
10,2,11,307.1417044519226,294.1088054625094,1
10,2,12,264.3767982787637,299.61822772893834,1
10,2,13,291.9506306603998,294.45943236479735,1
10,2,14,297.00159420612596,302.3508691860517,1
11,0,0,305.12348078178536,312.0838365098286,1
11,0,1,297.975179963667,300.84900253677057,1
11,0,2,296.68781601125977,303.1934818450405,1
11,0,3,296.7231865480614,310.3108905318678,1
11,0,4,287.5984866965057,286.23144341144587,1
11,0,5,297.4093191271879,304.53233118546535,1
11,0,6,293.67994655423047,306.80540487360076,1
11,0,7,292.3832830366485,301.6985075535872,1
11,0,8,294.7865292714891,294.3963018194313,1
11,0,9,296.05316998174203,314.619822940296,1
11,0,10,298.8086581053483,299.61205539734624,1
11,0,11,307.1417044519226,294.1088054625094,1
11,0,12,264.3767982787637,299.61822772893834,1
11,0,13,291.9506306603998,294.45943236479735,1
11,0,14,297.00159420612596,302.3508691860517,1
11,1,0,305.12348078178536,312.0838365098286,1.0
11,1,1,297.975179963667,300.84900253677057,1.0
11,1,2,296.68781601125977,303.1934818450405,1.0
11,1,3,296.7231865480614,310.3108905318678,1.0
11,1,4,287.5984866965057,286.23144341144587,1.0
11,1,5,297.4093191271879,304.53233118546535,1.0
11,1,6,281.64822115120296,303.3346045190762,2.0
11,1,7,292.3832830366485,301.6985075535872,1.0
11,1,8,294.7865292714891,294.3963018194313,1.0
11,1,9,296.05316998174203,314.619822940296,1.0
11,1,10,298.8086581053483,299.61205539734624,1.0
11,1,11,307.1417044519226,294.1088054625094,1.0
11,1,12,264.3767982787637,299.61822772893834,1.0
11,1,13,291.9506306603998,294.45943236479735,1.0
11,1,14,297.00159420612596,302.3508691860517,1.0
11,2,0,300.5441230873154,310.4734543379644,1.0
11,2,1,297.5258396852901,300.9093729151507,1.0
11,2,2,294.863761580198,303.1528123711156,1.0
11,2,3,295.00542725198784,307.5137694135675,1.0
11,2,4,288.6181215236446,289.50015789243145,1.0
11,2,5,296.03688856609256,304.3425785605972,1.0
11,2,6,283.92174215324815,302.4782988789892,2.0
11,2,7,292.3850728454289,301.6282932812526,1.0
11,2,8,293.96233174801864,296.4459697944939,1.0
11,2,9,295.46138202428466,308.41973342816823,1.0
11,2,10,298.57530831631004,299.6834491628068,1.0
11,2,11,306.5058430738056,296.9753970373014,1.0
11,2,12,274.21460722730325,300.29287146667855,1.0
11,2,13,292.2420009776184,296.27700261288123,1.0
11,2,14,295.50365783682867,302.3065273301204,1.0
12,0,0,300.5441230873154,310.4734543379644,1.0
12,0,1,297.5258396852901,300.9093729151507,1.0
12,0,2,294.863761580198,303.1528123711156,1.0
12,0,3,295.00542725198784,307.5137694135675,1.0
12,0,4,288.6181215236446,289.50015789243145,1.0
12,0,5,296.03688856609256,304.3425785605972,1.0
12,0,6,283.92174215324815,302.4782988789892,2.0
12,0,7,292.3850728454289,301.6282932812526,1.0
12,0,8,293.96233174801864,296.4459697944939,1.0
12,0,9,295.46138202428466,308.41973342816823,1.0
12,0,10,298.57530831631004,299.6834491628068,1.0
12,0,11,306.5058430738056,296.9753970373014,1.0
12,0,12,288.5213722961164,311.50348556482317,1.0
12,0,13,292.2420009776184,296.27700261288123,1.0
12,0,14,303.31420389500266,297.49908944846584,1.0
12,1,0,300.5441230873154,310.4734543379644,1.0
12,1,1,297.5258396852901,300.9093729151507,1.0
12,1,2,294.863761580198,303.1528123711156,1.0
12,1,3,295.00542725198784,307.5137694135675,1.0
12,1,4,288.6181215236446,289.50015789243145,1.0
12,1,5,296.03688856609256,304.3425785605972,1.0
12,1,6,283.92174215324815,302.4782988789892,2.0
12,1,7,292.3850728454289,301.6282932812526,1.0
12,1,8,293.96233174801864,296.4459697944939,1.0
12,1,9,295.46138202428466,308.41973342816823,1.0
12,1,10,298.57530831631004,299.6834491628068,1.0
12,1,11,306.5058430738056,296.9753970373014,1.0
12,1,12,301.27713943627174,321.4987557916193,2.0
12,1,13,292.2420009776184,296.27700261288123,1.0
12,1,14,304.1609460271092,296.97791459442067,1.121591897344629
12,2,0,299.68632053514955,308.13467804181704,1.0
12,2,1,297.50711087293996,300.9468965716561,1.0
12,2,2,295.0583292172587,303.3047705987885,1.0
12,2,3,295.13763742295305,306.02838585495186,1.0
12,2,4,291.43453796042934,294.88102595354246,1.0
12,2,5,295.93410576243946,304.167173098595,1.0
12,2,6,287.3751380931168,302.70523348738953,2.0
12,2,7,292.43852866513464,301.7284607496467,1.0
12,2,8,294.01868734987073,297.7167745072641,1.0
12,2,9,295.51048177004327,307.8233597504179,1.0
12,2,10,297.72192461612104,299.7291652030114,1.0
12,2,11,302.8931594584315,297.8360323219977,1.0
12,2,12,299.51435377732685,319.7011464122547,2.0
12,2,13,292.4096706969733,296.6960690768138,1.0
12,2,14,301.27088313940857,297.55594874691735,1.121591897344629
13,0,0,299.68632053514955,308.13467804181704,1.0
13,0,1,297.50711087293996,300.9468965716561,1.0
13,0,2,295.0583292172587,303.3047705987885,1.0
13,0,3,297.92182623674375,305.1738424953815,1.0
13,0,4,291.43453796042934,294.88102595354246,1.0
13,0,5,295.93410576243946,304.167173098595,1.0
13,0,6,287.3751380931168,302.70523348738953,2.0
13,0,7,292.43852866513464,301.7284607496467,1.0
13,0,8,294.01868734987073,297.7167745072641,1.0
13,0,9,295.51048177004327,307.8233597504179,1.0
13,0,10,297.72192461612104,299.7291652030114,1.0
13,0,11,302.8931594584315,297.8360323219977,1.0
13,0,12,299.51435377732685,319.7011464122547,2.0
13,0,13,292.4096706969733,296.6960690768138,1.0
13,0,14,301.27088313940857,297.55594874691735,1.121591897344629
13,1,0,299.68632053514955,308.13467804181704,1.0
13,1,1,297.50711087293996,300.9468965716561,1.0
13,1,2,295.0583292172587,303.3047705987885,1.0
13,1,3,300.70601505053446,304.31929913581115,2.0
13,1,4,291.43453796042934,294.88102595354246,1.0
13,1,5,295.93410576243946,304.167173098595,1.0
13,1,6,287.3751380931168,302.70523348738953,2.0
13,1,7,292.43852866513464,301.7284607496467,1.0
13,1,8,294.01868734987073,297.7167745072641,1.0
13,1,9,295.51048177004327,307.8233597504179,1.0
13,1,10,297.72192461612104,299.7291652030114,1.0
13,1,11,302.8931594584315,297.8360323219977,1.0
13,1,12,299.51435377732685,319.7011464122547,2.0
13,1,13,292.4096706969733,296.6960690768138,1.0
13,1,14,301.27088313940857,297.55594874691735,1.121591897344629
13,2,0,298.9806258434084,306.46675721087297,1.0
13,2,1,297.20369786945736,301.57489705225123,1.0
13,2,2,295.4312980275006,303.3533644324517,1.0
13,2,3,300.41427015728806,304.0900576220592,2.0
13,2,4,292.0218971168633,296.9524031303828,1.0
13,2,5,296.00875466562593,304.11122366969704,1.0
13,2,6,290.3088692065668,302.9044745861486,2.0
13,2,7,293.9048365509942,302.2268417452331,1.0
13,2,8,294.7369784544132,299.2644697704561,1.0
13,2,9,295.55270771314014,306.7057310622916,1.0
13,2,10,297.3908268108029,300.2912201015684,1.0
13,2,11,302.43296910541596,299.36181095336923,1.0
13,2,12,299.0005220717332,314.03082303515885,2.0
13,2,13,292.5447184344804,298.9081529397469,1.0
13,2,14,300.1172669354168,298.4182966168949,1.121591897344629
14,0,0,298.9806258434084,306.46675721087297,1.0
14,0,1,297.20369786945736,301.57489705225123,1.0
14,0,2,295.4312980275006,303.3533644324517,1.0
14,0,3,300.41427015728806,304.0900576220592,2.0
14,0,4,292.0218971168633,296.9524031303828,1.0
14,0,5,296.00875466562593,304.11122366969704,1.0
14,0,6,303.7830085377489,296.1648035554733,2.0
14,0,7,293.9048365509942,302.2268417452331,1.0
14,0,8,294.7369784544132,299.2644697704561,1.0
14,0,9,295.55270771314014,306.7057310622916,1.0
14,0,10,297.3908268108029,300.2912201015684,1.0
14,0,11,302.43296910541596,299.36181095336923,1.0
14,0,12,302.0535317963803,296.1341959946297,2.0
14,0,13,292.5447184344804,298.9081529397469,1.0
14,0,14,300.1172669354168,298.4182966168949,1.121591897344629
14,1,0,298.9806258434084,306.46675721087297,1.0
14,1,1,297.20369786945736,301.57489705225123,1.0
14,1,2,295.4312980275006,303.3533644324517,1.0
14,1,3,300.41427015728806,304.0900576220592,2.0
14,1,4,292.0218971168633,296.9524031303828,1.0
14,1,5,296.00875466562593,304.11122366969704,1.0
14,1,6,308.20512250624535,293.95289282223285,2.4885220479745094
14,1,7,293.9048365509942,302.2268417452331,1.0
14,1,8,294.7369784544132,299.2644697704561,1.0
14,1,9,295.55270771314014,306.7057310622916,1.0
14,1,10,297.3908268108029,300.2912201015684,1.0
14,1,11,302.43296910541596,299.36181095336923,1.0
14,1,12,304.10456606140946,284.1111110394006,3.0
14,1,13,292.5447184344804,298.9081529397469,1.0
14,1,14,300.1172669354168,298.4182966168949,1.121591897344629
14,2,0,299.13267873524995,305.3170962231755,1.0
14,2,1,297.624350167676,300.57922580154025,1.0
14,2,2,296.67679094307323,302.9428524674726,1.0
14,2,3,300.2339145419032,302.4816124256968,2.0
14,2,4,294.619065438335,296.96430867904144,1.0
14,2,5,296.6042747098873,303.5594286743506,1.0
14,2,6,305.29590658524677,294.58680066896034,2.4885220479745094
14,2,7,295.06890250305173,301.626829947219,1.0
14,2,8,295.66304030543915,298.900857356736,1.0
14,2,9,296.6331759100679,306.0661644344209,1.0
14,2,10,298.02607449833243,299.65993530682726,1.0
14,2,11,302.0554094572186,299.0300725400634,1.0
14,2,12,302.81105817949225,288.2869076635849,3.0
14,2,13,293.5075808943592,298.7842263712732,1.0
14,2,14,300.1072625198347,298.3427379623123,1.121591897344629
15,0,0,299.13267873524995,305.3170962231755,1.0
15,0,1,297.624350167676,300.57922580154025,1.0
15,0,2,296.67679094307323,302.9428524674726,1.0
15,0,3,300.2339145419032,302.4816124256968,2.0
15,0,4,294.619065438335,296.96430867904144,1.0
15,0,5,296.6042747098873,303.5594286743506,1.0
15,0,6,305.29590658524677,294.58680066896034,2.4885220479745094
15,0,7,295.06890250305173,301.626829947219,1.0
15,0,8,295.66304030543915,298.900857356736,1.0
15,0,9,296.6331759100679,306.0661644344209,1.0
15,0,10,298.02607449833243,299.65993530682726,1.0
15,0,11,302.0554094572186,299.0300725400634,1.0
15,0,12,302.81105817949225,288.2869076635849,3.0
15,0,13,293.5075808943592,298.7842263712732,1.0
15,0,14,300.1072625198347,298.3427379623123,1.121591897344629
15,1,0,299.13267873524995,305.3170962231755,1
15,1,1,297.624350167676,300.57922580154025,1
15,1,2,296.67679094307323,302.9428524674726,1
15,1,3,300.2339145419032,302.4816124256968,1
15,1,4,294.619065438335,296.96430867904144,1
15,1,5,296.6042747098873,303.5594286743506,1
15,1,6,305.29590658524677,294.58680066896034,1
15,1,7,295.06890250305173,301.626829947219,1
15,1,8,295.66304030543915,298.900857356736,1
15,1,9,296.6331759100679,306.0661644344209,1
15,1,10,298.02607449833243,299.65993530682726,1
15,1,11,302.0554094572186,299.0300725400634,1
15,1,12,302.81105817949225,288.2869076635849,1
15,1,13,293.5075808943592,298.7842263712732,1
15,1,14,300.1072625198347,298.3427379623123,1
15,2,0,299.33530254976574,306.482928110907,1
15,2,1,297.6235126035041,300.7200572262114,1
15,2,2,296.49263927905275,303.05229019106656,1
15,2,3,300.2882832993004,302.55661840819624,1
15,2,4,294.3760401544109,296.15867991512215,1
15,2,5,296.38526689504164,304.4196752048198,1
15,2,6,305.79175696500226,294.54185442423574,1
15,2,7,294.43817936342293,302.0298230938156,1
15,2,8,295.0784241455389,298.87744353590136,1
15,2,9,296.50005786364005,306.28721880999416,1
15,2,10,297.97015247742564,299.6580531537501,1
15,2,11,302.34774227627855,298.79399195291995,1
15,2,12,303.59865089057445,287.94901367258245,1
15,2,13,292.76450849426806,298.5597142939422,1
15,2,14,300.5940452450858,297.98288918046006,1
16,0,0,299.33530254976574,306.482928110907,1
16,0,1,297.6235126035041,300.7200572262114,1
16,0,2,296.49263927905275,303.05229019106656,1
16,0,3,300.2882832993004,302.55661840819624,1
16,0,4,296.38864921679175,299.9535306374406,1
16,0,5,296.38526689504164,304.4196752048198,1
16,0,6,305.79175696500226,294.54185442423574,1
16,0,7,294.43817936342293,302.0298230938156,1
16,0,8,295.0784241455389,298.87744353590136,1
16,0,9,296.50005786364005,306.28721880999416,1
16,0,10,297.97015247742564,299.6580531537501,1
16,0,11,302.34774227627855,298.79399195291995,1
16,0,12,304.90452893719464,290.81395750389186,1
16,0,13,292.76450849426806,298.5597142939422,1
16,0,14,300.5940452450858,297.98288918046006,1
16,1,0,299.33530254976574,306.482928110907,1.0
16,1,1,297.6235126035041,300.7200572262114,1.0
16,1,2,296.49263927905275,303.05229019106656,1.0
16,1,3,300.2882832993004,302.55661840819624,1.0
16,1,4,297.4968707061786,302.0431242888342,2.0
16,1,5,296.38526689504164,304.4196752048198,1.0
16,1,6,305.79175696500226,294.54185442423574,1.0
16,1,7,294.43817936342293,302.0298230938156,1.0
16,1,8,295.0784241455389,298.87744353590136,1.0
16,1,9,296.50005786364005,306.28721880999416,1.0
16,1,10,297.97015247742564,299.6580531537501,1.0
16,1,11,302.34774227627855,298.79399195291995,1.0
16,1,12,305.4913393114916,292.10135089130773,1.816071138897076
16,1,13,292.76450849426806,298.5597142939422,1.0
16,1,14,300.5940452450858,297.98288918046006,1.0
16,2,0,299.2127179285296,306.38151033585353,1.0
16,2,1,297.7276885570676,300.65141657299466,1.0
16,2,2,296.52202897344443,302.63289476185776,1.0
16,2,3,299.99488657417186,302.4189947720493,1.0
16,2,4,297.6899678517924,301.8583351523391,2.0
16,2,5,296.64210467639583,303.98254264851033,1.0
16,2,6,304.39428846398647,294.736246207619,1.0
16,2,7,294.68841197855545,301.9503630880266,1.0
16,2,8,295.5713783352736,299.0539418508113,1.0
16,2,9,296.9531737906156,304.93505278697995,1.0
16,2,10,298.083272859506,299.78352127947613,1.0
16,2,11,302.0839181743795,298.94543436357793,1.0
16,2,12,304.3142471398751,293.05874373331164,1.816071138897076
16,2,13,293.63649587491113,298.74759226133665,1.0
16,2,14,300.41574998162974,298.0446385345718,1.0
17,0,0,299.2127179285296,306.38151033585353,1.0
17,0,1,297.7276885570676,300.65141657299466,1.0
17,0,2,301.38945403432956,300.75512056701587,1.0
17,0,3,299.99488657417186,302.4189947720493,1.0
17,0,4,297.6899678517924,301.8583351523391,2.0
17,0,5,296.64210467639583,303.98254264851033,1.0
17,0,6,298.5381097665458,300.06439372872467,1.0
17,0,7,294.68841197855545,301.9503630880266,1.0
17,0,8,295.5713783352736,299.0539418508113,1.0
17,0,9,300.0300113564636,299.6163070676756,1.0
17,0,10,298.083272859506,299.78352127947613,1.0
17,0,11,302.0839181743795,298.94543436357793,1.0
17,0,12,302.2820289752576,304.83858704735013,1.816071138897076
17,0,13,293.63649587491113,298.74759226133665,1.0
17,0,14,300.41574998162974,298.0446385345718,1.0
17,1,0,299.2127179285296,306.38151033585353,1.0
17,1,1,297.7276885570676,300.65141657299466,1.0
17,1,2,302.1167642507109,300.47453599942986,1.4455304017838277
17,1,3,299.99488657417186,302.4189947720493,1.0
17,1,4,297.6899678517924,301.8583351523391,2.0
17,1,5,296.64210467639583,303.98254264851033,1.0
17,1,6,296.57403783031367,301.8513721593661,2.0
17,1,7,294.68841197855545,301.9503630880266,1.0
17,1,8,295.5713783352736,299.0539418508113,1.0
17,1,9,300.93194241085473,298.0571926094093,1.8740287155155397
17,1,10,298.083272859506,299.78352127947613,1.0
17,1,11,302.0839181743795,298.94543436357793,1.0
17,1,12,301.830763393018,307.4543681403222,2.478163858991747
17,1,13,293.63649587491113,298.74759226133665,1.0
17,1,14,300.41574998162974,298.0446385345718,1.0
17,2,0,299.17443501156356,305.9529654845031,1.0
17,2,1,297.85504576325883,300.7251241596383,1.0
17,2,2,301.77054806453685,300.5971964785389,1.4455304017838277
17,2,3,299.7753331055577,302.2981072699847,1.0
17,2,4,297.8689978338136,301.8426481126137,2.0
17,2,5,296.83197633711643,303.844941776146,1.0
17,2,6,296.87594074729714,301.839927723997,2.0
17,2,7,294.69280950884877,301.9301499649163,1.0
17,2,8,295.6417192914297,299.57291360365326,1.0
17,2,9,300.7775874107519,298.3207479221377,1.8740287155155397
17,2,10,298.11326415519744,300.0159011941634,1.0
17,2,11,302.08385043094586,299.131678601704,1.0
17,2,12,301.79146029615805,306.29369687437406,2.478163858991747
17,2,13,294.0696462278615,299.1205407413699,1.0
17,2,14,300.08052268737885,298.6422160510474,1.0
18,0,0,300.6777198095145,302.92068065018736,1.0
18,0,1,297.85504576325883,300.7251241596383,1.0
18,0,2,301.77054806453685,300.5971964785389,1.4455304017838277
18,0,3,299.7753331055577,302.2981072699847,1.0
18,0,4,297.8689978338136,301.8426481126137,2.0
18,0,5,296.83197633711643,303.844941776146,1.0
18,0,6,302.011361654654,301.9209452561714,2.0
18,0,7,294.69280950884877,301.9301499649163,1.0
18,0,8,295.6417192914297,299.57291360365326,1.0
18,0,9,300.7775874107519,298.3207479221377,1.8740287155155397
18,0,10,298.11326415519744,300.0159011941634,1.0
18,0,11,302.08385043094586,299.131678601704,1.0
18,0,12,301.79146029615805,306.29369687437406,2.478163858991747
18,0,13,301.685174367348,301.6416605201024,1.0
18,0,14,300.08052268737885,298.6422160510474,1.0
18,1,0,301.30235255432416,301.66073017261647,1.8584247446771873
18,1,1,297.85504576325883,300.7251241596383,1.0
18,1,2,301.77054806453685,300.5971964785389,1.4455304017838277
18,1,3,299.7753331055577,302.2981072699847,1.0
18,1,4,297.8689978338136,301.8426481126137,2.0
18,1,5,296.83197633711643,303.844941776146,1.0
18,1,6,302.52720484376664,301.9290833120241,2.207520211909001
18,1,7,294.69280950884877,301.9301499649163,1.0
18,1,8,295.6417192914297,299.57291360365326,1.0
18,1,9,300.7775874107519,298.3207479221377,1.8740287155155397
18,1,10,298.11326415519744,300.0159011941634,1.0
18,1,11,302.08385043094586,299.131678601704,1.0
18,1,12,301.79146029615805,306.29369687437406,2.478163858991747
18,1,13,305.37139461983264,302.86198334172224,2.0
18,1,14,300.08052268737885,298.6422160510474,1.0
18,2,0,301.1692901759666,301.66045046425387,1.8584247446771873
18,2,1,298.015872295278,300.77904111311335,1.0
18,2,2,301.59749296388327,300.75797159290005,1.4455304017838277
18,2,3,299.8020257357503,302.2602694443665,1.0
18,2,4,298.15585929496376,301.8394538186817,2.0
18,2,5,297.0380318903748,303.5094949603571,1.0
18,2,6,302.33654893787934,301.8895431078354,2.207520211909001
18,2,7,295.01638235037643,301.9199314151992,1.0
18,2,8,296.35756501212967,299.8403310107867,1.0
18,2,9,300.7389663022162,298.4737712575961,1.8740287155155397
18,2,10,298.23268138526635,300.11817469090886,1.0
18,2,11,301.91687464364827,299.2175684900093,1.0
18,2,12,301.7788498139132,305.73436927966765,2.478163858991747
18,2,13,304.693204830225,302.6713227935445,2.0
18,2,14,300.12284614573605,298.8562890335408,1.0
19,0,0,301.1692901759666,301.66045046425387,1.8584247446771873
19,0,1,298.015872295278,300.77904111311335,1.0
19,0,2,301.59749296388327,300.75797159290005,1.4455304017838277
19,0,3,299.8020257357503,302.2602694443665,1.0
19,0,4,298.15585929496376,301.8394538186817,2.0
19,0,5,298.8819618675454,302.2326617285438,1.0
19,0,6,302.33654893787934,301.8895431078354,2.207520211909001
19,0,7,295.01638235037643,301.9199314151992,1.0
19,0,8,296.35756501212967,299.8403310107867,1.0
19,0,9,300.7389663022162,298.4737712575961,1.8740287155155397
19,0,10,298.23268138526635,300.11817469090886,1.0
19,0,11,301.91687464364827,299.2175684900093,1.0
19,0,12,304.1369016738098,303.9540583765324,2.478163858991747
19,0,13,304.693204830225,302.6713227935445,2.0
19,0,14,300.12284614573605,298.8562890335408,1.0
19,1,0,301.1692901759666,301.66045046425387,1.8584247446771873
19,1,1,298.015872295278,300.77904111311335,1.0
19,1,2,301.59749296388327,300.75797159290005,1.4455304017838277
19,1,3,299.8020257357503,302.2602694443665,1.0
19,1,4,298.15585929496376,301.8394538186817,2.0
19,1,5,300.4743543295387,301.1300061837374,2.0
19,1,6,302.33654893787934,301.8895431078354,2.207520211909001
19,1,7,295.01638235037643,301.9199314151992,1.0
19,1,8,296.35756501212967,299.8403310107867,1.0
19,1,9,300.7389663022162,298.4737712575961,1.8740287155155397
19,1,10,298.23268138526635,300.11817469090886,1.0
19,1,11,301.91687464364827,299.2175684900093,1.0
19,1,12,304.45857251426537,303.7111993816887,2.63612586972777
19,1,13,304.693204830225,302.6713227935445,2.0
19,1,14,300.12284614573605,298.8562890335408,1.0
19,2,0,301.15077478364907,301.6568573611485,1.8584247446771873
19,2,1,298.139370060221,300.7997339704676,1.0
19,2,2,301.5810298885504,300.76229900225945,1.4455304017838277
19,2,3,299.9104853641638,302.24997856886995,1.0
19,2,4,298.19460048259805,301.8125668284839,2.0
19,2,5,300.5040522832486,301.1377302996669,2.0
19,2,6,302.18844891413215,301.8482030270244,2.207520211909001
19,2,7,295.21312393854726,301.8523911932021,1.0
19,2,8,296.40180903571655,299.9718079677321,1.0
19,2,9,300.74626775605356,298.5347600870026,1.8740287155155397
19,2,10,298.3184807852317,300.2242821064138,1.0
19,2,11,301.831835272638,299.35900566337665,1.0
19,2,12,304.3275839675613,303.70918846334996,2.63612586972777
19,2,13,304.4790596068728,302.53453870745085,2.0
19,2,14,300.1885461368375,299.03416691976804,1.0
